"review_order","review_bucket","review_priority","review_reason","candidate_id","wave","family","kind","decode","raw_candidate_file","mastered_candidate_file","duration_target_s","duration_s","duration_delta_s","rms","peak","clipping_ratio","dc_offset","zero_crossing_rate","automated_flag","decode_sha256","candidate_only","admission","identity_score","distance_score","mask_resistance_score","loop_seam_score","duplication_score","noise_clipping_score","rights_review","creative_fit","competitive_readability","in_engine_mix","human_decision","human_notes"
"1","REJECT_OR_REGENERATE_REVIEW","P1","clipping_risk","aaa.batch001.sfx.ability.ankou.tide-snare.impact.v001","aaa-batch-001","ability","sound_effect","pass","outputs/audio-factory-20260730/aaa-batch-001/generated/sfx/abilities/ankou-tide-snare-impact-v001.mp3","outputs/audio-factory-20260730/aaa-batch-001/mastered/sfx/ankou-tide-snare-impact-v001.mp3","0.75","0.72","-0.03","0.093329","1","0.00009448","-0.000606","0.19171","","e5cd4714afc12ecf99c88980ed4800c223b609344d00476864cdc6313255a6cd","true","NOT_RUNTIME_ADMITTED","","","","","","","","","","","",""
"2","REJECT_OR_REGENERATE_REVIEW","P1","clipping_risk","aaa.batch001.sfx.ability.ankou.tide-snare.resolve.v001","aaa-batch-001","ability","sound_effect","pass","outputs/audio-factory-20260730/aaa-batch-001/generated/sfx/abilities/ankou-tide-snare-resolve-v001.mp3","outputs/audio-factory-20260730/aaa-batch-001/mastered/sfx/ankou-tide-snare-resolve-v001.mp3","0.9","0.88","-0.02","0.088856","1","0.00018038","-0.00003","0.041668","","d42dd65c0ee95a3071e2451b09af882f4da6b7306005072f4a6614400a0ee1d8","true","NOT_RUNTIME_ADMITTED","","","","","","","","","","","",""
"3","REJECT_OR_REGENERATE_REVIEW","P1","clipping_risk","aaa.batch001.sfx.ability.ankou.tide-snare.travel.v001","aaa-batch-001","ability","sound_effect","pass","outputs/audio-factory-20260730/aaa-batch-001/generated/sfx/abilities/ankou-tide-snare-travel-v001.mp3","outputs/audio-factory-20260730/aaa-batch-001/mastered/sfx/ankou-tide-snare-travel-v001.mp3","0.8","0.8","0","0.078996","1","0.00002834","-0.000777","0.135095","","331ad64e49125b8db8a5a90d346094dc07db45d2abbd2f40ab04858c4f0d1582","true","NOT_RUNTIME_ADMITTED","","","","","","","","","","","",""
"4","REJECT_OR_REGENERATE_REVIEW","P1","clipping_risk","aaa.batch001.sfx.ability.asagi.scan-ripple.impact.v001","aaa-batch-001","ability","sound_effect","pass","outputs/audio-factory-20260730/aaa-batch-001/generated/sfx/abilities/asagi-scan-ripple-impact-v001.mp3","outputs/audio-factory-20260730/aaa-batch-001/mastered/sfx/asagi-scan-ripple-impact-v001.mp3","0.75","0.72","-0.03","0.090041","1","0.00022046","-0.000526","0.186797","","d207390f2cd3abacb2e1ea694467e5300bfbf60f9e46803cb1c9853aeed593dc","true","NOT_RUNTIME_ADMITTED","","","","","","","","","","","",""
"5","REJECT_OR_REGENERATE_REVIEW","P1","clipping_risk","aaa.batch001.sfx.ability.shirasagi.prism-step.cast.v001","aaa-batch-001","ability","sound_effect","pass","outputs/audio-factory-20260730/aaa-batch-001/generated/sfx/abilities/shirasagi-prism-step-cast-v001.mp3","outputs/audio-factory-20260730/aaa-batch-001/mastered/sfx/shirasagi-prism-step-cast-v001.mp3","0.65","0.64","-0.01","0.143835","1","0.00028345","-0.000833","0.191758","","53a3ea2a9af78fcc80c1869026ffba3568913258a8f96e51e13ebd8bf8b99950","true","NOT_RUNTIME_ADMITTED","","","","","","","","","","","",""
"6","REJECT_OR_REGENERATE_REVIEW","P1","clipping_risk","aaa.batch001.sfx.ability.shirasagi.prism-step.resolve.v001","aaa-batch-001","ability","sound_effect","pass","outputs/audio-factory-20260730/aaa-batch-001/generated/sfx/abilities/shirasagi-prism-step-resolve-v001.mp3","outputs/audio-factory-20260730/aaa-batch-001/mastered/sfx/shirasagi-prism-step-resolve-v001.mp3","0.9","0.88","-0.02","0.115745","0.999969","0.00002577","-0.001644","0.12959","","752c7add7a1988827173bf4b68102c9c511695f99d13926d8031d2b5791d1a0f","true","NOT_RUNTIME_ADMITTED","","","","","","","","","","","",""
"7","REJECT_OR_REGENERATE_REVIEW","P1","clipping_risk;attack_dominant","aaa.batch001.sfx.ability.shirasagi.prism-step.travel.v001","aaa-batch-001","ability","sound_effect","pass","outputs/audio-factory-20260730/aaa-batch-001/generated/sfx/abilities/shirasagi-prism-step-travel-v001.mp3","outputs/audio-factory-20260730/aaa-batch-001/mastered/sfx/shirasagi-prism-step-travel-v001.mp3","0.8","0.8","0","0.085465","1","0.00017007","-0.00085","0.20199","","84bf5c8ef11f0775f67e06c4c0c79477df9eb2a3c9c4df3baa0b8d1c5b6f505f","true","NOT_RUNTIME_ADMITTED","","","","","","","","","","","",""
"8","REJECT_OR_REGENERATE_REVIEW","P1","clipping_risk","aaa.batch001.sfx.ability.tsuzuri.thread-bind.resolve.v001","aaa-batch-001","ability","sound_effect","pass","outputs/audio-factory-20260730/aaa-batch-001/generated/sfx/abilities/tsuzuri-thread-bind-resolve-v001.mp3","outputs/audio-factory-20260730/aaa-batch-001/mastered/sfx/tsuzuri-thread-bind-resolve-v001.mp3","0.9","0.88","-0.02","0.246217","1","0.00010307","-0.004097","0.135465","","fa227bc746f1399b92607607537ed9b3e669e7991bb723ecd0b2cb59b0a25168","true","NOT_RUNTIME_ADMITTED","","","","","","","","","","","",""
"9","REJECT_OR_REGENERATE_REVIEW","P1","clipping_risk;dc_offset","aaa.batch001.sfx.ui.ally-ping.v001","aaa-batch-001","ui","sound_effect","pass","outputs/audio-factory-20260730/aaa-batch-001/generated/sfx/ui/ally-ping-v001.mp3","outputs/audio-factory-20260730/aaa-batch-001/mastered/sfx/ally-ping-v001.mp3","0.55","0.52","-0.03","0.549236","0.999969","0.00008721","0.469199","0.008809","","e06a5bb2ed03b76c7ef7001d45c75825aa24fed01dad825e4025d3126299f32d","true","NOT_RUNTIME_ADMITTED","","","","","","","","","","","",""
"10","REJECT_OR_REGENERATE_REVIEW","P1","clipping_risk","aaa.batch001.sfx.ui.confirm.v001","aaa-batch-001","ui","sound_effect","pass","outputs/audio-factory-20260730/aaa-batch-001/generated/sfx/ui/confirm-v001.mp3","outputs/audio-factory-20260730/aaa-batch-001/mastered/sfx/confirm-v001.mp3","0.5","0.48","-0.02","0.052431","1","0.00014172","-0.000563","0.514433","","ded08e684f5b5e84c1c4c5fdb3a9c3043311fcc1fdf3e8b047d5842f9a94f6f6","true","NOT_RUNTIME_ADMITTED","","","","","","","","","","","",""
"11","REJECT_OR_REGENERATE_REVIEW","P1","clipping_risk","aaa.batch001.sfx.ui.error.v001","aaa-batch-001","ui","sound_effect","pass","outputs/audio-factory-20260730/aaa-batch-001/generated/sfx/ui/error-v001.mp3","outputs/audio-factory-20260730/aaa-batch-001/mastered/sfx/error-v001.mp3","0.55","0.52","-0.03","0.128748","0.999969","0.00008721","-0.001695","0.021805","","d84a8cd532975994291615a7c4414d56a963186a0dc29b3431308ab59ce9ed9c","true","NOT_RUNTIME_ADMITTED","","","","","","","","","","","",""
"12","REJECT_OR_REGENERATE_REVIEW","P1","clipping_risk;attack_dominant","aaa.batch001.sfx.ui.hit-confirm.v001","aaa-batch-001","ui","sound_effect","pass","outputs/audio-factory-20260730/aaa-batch-001/generated/sfx/ui/hit-confirm-v001.mp3","outputs/audio-factory-20260730/aaa-batch-001/mastered/sfx/hit-confirm-v001.mp3","0.5","0.48","-0.02","0.043037","0.999969","0.00004724","-0.010303","0.026362","","415a2398a457a1c13ea4cbda1231103c3e117b632b4fa706436438ddcdf2b80f","true","NOT_RUNTIME_ADMITTED","","","","","","","","","","","",""
"13","REJECT_OR_REGENERATE_REVIEW","P1","near_silent;attack_dominant","aaa.batch001.sfx.ui.objective-route.v001","aaa-batch-001","ui","sound_effect","pass","outputs/audio-factory-20260730/aaa-batch-001/generated/sfx/ui/objective-route-v001.mp3","outputs/audio-factory-20260730/aaa-batch-001/mastered/sfx/objective-route-v001.mp3","0.65","0.64","-0.01","0.002553","0.035675","0","0.000002","0.192432","","970a5620f8cf35fb3e09dc958384dc6e53c961d10d20030b1c1d07b07e3fe0fa","true","NOT_RUNTIME_ADMITTED","","","","","","","","","","","",""
"14","REJECT_OR_REGENERATE_REVIEW","P1","clipping_risk","aaa.batch001.sfx.ui.scoreboard-open.v001","aaa-batch-001","ui","sound_effect","pass","outputs/audio-factory-20260730/aaa-batch-001/generated/sfx/ui/scoreboard-open-v001.mp3","outputs/audio-factory-20260730/aaa-batch-001/mastered/sfx/scoreboard-open-v001.mp3","0.55","0.52","-0.03","0.116239","0.999969","0.00004361","0.000285","0.218089","","94437154def0852bdae4793855b1061d9aadc293d49c91ad9bda3cc4bdb1ffdc","true","NOT_RUNTIME_ADMITTED","","","","","","","","","","","",""
"15","REJECT_OR_REGENERATE_REVIEW","P1","near_silent","aaa.batch001.sfx.weapon.asagi.equip.v001","aaa-batch-001","weapon","sound_effect","pass","outputs/audio-factory-20260730/aaa-batch-001/generated/sfx/weapons/asagi-equip-v001.mp3","outputs/audio-factory-20260730/aaa-batch-001/mastered/sfx/asagi-equip-v001.mp3","0.5","0.48","-0.02","0.006536","0.07782","0","-0.000548","0.508858","","cba5ea7ce3b2865788d53d35c21e940b3a08ee562b946b68cf15563aea506132","true","NOT_RUNTIME_ADMITTED","","","","","","","","","","","",""
"16","REJECT_OR_REGENERATE_REVIEW","P1","clipping_risk","aaa.batch001.sfx.weapon.asagi.impact-metal.v001","aaa-batch-001","weapon","sound_effect","pass","outputs/audio-factory-20260730/aaa-batch-001/generated/sfx/weapons/asagi-impact-metal-v001.mp3","outputs/audio-factory-20260730/aaa-batch-001/mastered/sfx/asagi-impact-metal-v001.mp3","0.65","0.64","-0.01","0.136251","1","0.00021259","-0.009315","0.183963","","f3e6e0ec2e2b3d4b687b4d99e12081f3d01e25cf278f5a141adfa2b5b5613f99","true","NOT_RUNTIME_ADMITTED","","","","","","","","","","","",""
"17","REJECT_OR_REGENERATE_REVIEW","P1","clipping_risk","aaa.batch001.sfx.weapon.asagi.overheat.v001","aaa-batch-001","weapon","sound_effect","pass","outputs/audio-factory-20260730/aaa-batch-001/generated/sfx/weapons/asagi-overheat-v001.mp3","outputs/audio-factory-20260730/aaa-batch-001/mastered/sfx/asagi-overheat-v001.mp3","1","1","0","0.110028","1","0.00002268","-0.000303","0.23123","","1c96d912d9202c9a64a1220ab8ffa4d9eced4893b1aa84f21403a7279a5cc37c","true","NOT_RUNTIME_ADMITTED","","","","","","","","","","","",""
"18","REJECT_OR_REGENERATE_REVIEW","P1","clipping_risk","aaa.batch001.sfx.weapon.asagi.primary-fire-mid.v001","aaa-batch-001","weapon","sound_effect","pass","outputs/audio-factory-20260730/aaa-batch-001/generated/sfx/weapons/asagi-primary-fire-mid-v001.mp3","outputs/audio-factory-20260730/aaa-batch-001/mastered/sfx/asagi-primary-fire-mid-v001.mp3","0.7","0.680249","-0.019751","0.109655","0.999969","0.00013334","-0.000587","0.266451","","d0c2cfe9c3642b3d759e19514187bfa86781fe90b9f46d4f86cf8b7badbb5c09","true","NOT_RUNTIME_ADMITTED","","","","","","","","","","","",""
"19","REJECT_OR_REGENERATE_REVIEW","P1","clipping_risk","aaa.batch001.sfx.weapon.asagi.reload.v001","aaa-batch-001","weapon","sound_effect","pass","outputs/audio-factory-20260730/aaa-batch-001/generated/sfx/weapons/asagi-reload-v001.mp3","outputs/audio-factory-20260730/aaa-batch-001/mastered/sfx/asagi-reload-v001.mp3","1.2","1.2","0","0.104884","1","0.00022676","-0.000538","0.174909","","554a3847003303937cb2a734d1d2c5f36f6b89e3413ac10d7ee36f7ee6d87d9b","true","NOT_RUNTIME_ADMITTED","","","","","","","","","","","",""
"20","REJECT_OR_REGENERATE_REVIEW","P1","clipping_risk","aaa.batch001.sfx.weapon.hokuchi.equip.v001","aaa-batch-001","weapon","sound_effect","pass","outputs/audio-factory-20260730/aaa-batch-001/generated/sfx/weapons/hokuchi-equip-v001.mp3","outputs/audio-factory-20260730/aaa-batch-001/mastered/sfx/hokuchi-equip-v001.mp3","0.5","0.48","-0.02","0.064514","0.999969","0.00004724","-0.001978","0.267114","","e84ebf4affbbf0db350c313dfebde8babf727a33ea9dbe6275ecef91f000f130","true","NOT_RUNTIME_ADMITTED","","","","","","","","","","","",""
"21","REJECT_OR_REGENERATE_REVIEW","P1","clipping_risk;dc_offset","aaa.batch001.sfx.weapon.hokuchi.impact-metal.v001","aaa-batch-001","weapon","sound_effect","pass","outputs/audio-factory-20260730/aaa-batch-001/generated/sfx/weapons/hokuchi-impact-metal-v001.mp3","outputs/audio-factory-20260730/aaa-batch-001/mastered/sfx/hokuchi-impact-metal-v001.mp3","0.65","0.64","-0.01","0.241759","1","0.00007086","-0.156356","0.012118","","139c269c4d51284080f4c7869c52ea3475a5dcf98bb502aad1079342369fc6f3","true","NOT_RUNTIME_ADMITTED","","","","","","","","","","","",""
"22","REJECT_OR_REGENERATE_REVIEW","P1","clipping_risk;attack_dominant","aaa.batch001.sfx.weapon.hokuchi.overheat.v001","aaa-batch-001","weapon","sound_effect","pass","outputs/audio-factory-20260730/aaa-batch-001/generated/sfx/weapons/hokuchi-overheat-v001.mp3","outputs/audio-factory-20260730/aaa-batch-001/mastered/sfx/hokuchi-overheat-v001.mp3","1","1","0","0.040867","0.999969","0.00002268","-0.000296","0.18209","","89522c094c50e3bc028c6873c7a844975a2ea2b3240d566681938c90fc3a80c7","true","NOT_RUNTIME_ADMITTED","","","","","","","","","","","",""
"23","REJECT_OR_REGENERATE_REVIEW","P1","clipping_risk","aaa.batch001.sfx.weapon.hokuchi.primary-fire-mid.v001","aaa-batch-001","weapon","sound_effect","pass","outputs/audio-factory-20260730/aaa-batch-001/generated/sfx/weapons/hokuchi-primary-fire-mid-v001.mp3","outputs/audio-factory-20260730/aaa-batch-001/mastered/sfx/hokuchi-primary-fire-mid-v001.mp3","0.7","0.680249","-0.019751","0.057052","1","0.00033334","-0.000065","0.179079","","892136710c4296c8a6da27883161ef39359839965dd4b6128bd0a0f593d5144d","true","NOT_RUNTIME_ADMITTED","","","","","","","","","","","",""
"24","REJECT_OR_REGENERATE_REVIEW","P1","clipping_risk","aaa.batch001.sfx.weapon.hokuchi.reload.v001","aaa-batch-001","weapon","sound_effect","pass","outputs/audio-factory-20260730/aaa-batch-001/generated/sfx/weapons/hokuchi-reload-v001.mp3","outputs/audio-factory-20260730/aaa-batch-001/mastered/sfx/hokuchi-reload-v001.mp3","1.2","1.2","0","0.063193","1","0.00005669","-0.000723","0.116423","","170ce5593828af6af7b1301a809c54e7ca0cb35595cefc4233bc5f8fe9ad3a72","true","NOT_RUNTIME_ADMITTED","","","","","","","","","","","",""
"25","REJECT_OR_REGENERATE_REVIEW","P1","clipping_risk","aaa.batch001.sfx.weapon.shirasagi.impact-stone.v001","aaa-batch-001","weapon","sound_effect","pass","outputs/audio-factory-20260730/aaa-batch-001/generated/sfx/weapons/shirasagi-impact-stone-v001.mp3","outputs/audio-factory-20260730/aaa-batch-001/mastered/sfx/shirasagi-impact-stone-v001.mp3","0.65","0.64","-0.01","0.059732","1","0.00003543","-0.000385","0.493923","","e9160e0aa15c771b78e3163328d95ecf70299f2b82b1a0f8c1b0ec557fbda845","true","NOT_RUNTIME_ADMITTED","","","","","","","","","","","",""
"26","REJECT_OR_REGENERATE_REVIEW","P1","clipping_risk","aaa.pilot002.sfx.objective-capture-tick.v001","aaa-pilot-002","objective","sound_effect","pass","outputs/audio-factory-20260730/aaa-pilot-002/generated/sfx/objective-capture-tick-v001.mp3","outputs/audio-factory-20260730/aaa-pilot-002/mastered/sfx/objective-capture-tick-v001.mp3","0.7","0.680249","-0.019751","0.070251","1","0.00003333","-0.00024","0.115374","","f7720affb016bbc161bf067e800bdea3e3b7c937d049c374f2a9ceb0c4e22e82","true","NOT_RUNTIME_ADMITTED","","","","","","","","","","","",""
"27","REJECT_OR_REGENERATE_REVIEW","P1","clipping_risk","aaa.pilot002.sfx.ui-confirm.v001","aaa-pilot-002","ui","sound_effect","pass","outputs/audio-factory-20260730/aaa-pilot-002/generated/sfx/ui-confirm-v001.mp3","outputs/audio-factory-20260730/aaa-pilot-002/mastered/sfx/ui-confirm-v001.mp3","0.5","0.48","-0.02","0.082953","1","0.00014172","-0.000842","0.073227","","c4a314d811b25cea9c101503d5958595cb72bb614a5e980bea69b258a3b6c922","true","NOT_RUNTIME_ADMITTED","","","","","","","","","","","",""
"28","REJECT_OR_REGENERATE_REVIEW","P1","near_silent","aburadama","legacy-sfx-090","ability","ability","pass","assets-src/elevenlabs/raw/ability/aburadama-v1.mp3","","1.6","1.6","0","0.004626","0.212189","0","-0.000002","0.235037","","9b81e62f6288c20888ff7a1a8483b12371c24594b4842baa735df223ee8e69a7","true","NOT_RUNTIME_ADMITTED","","","","","","","","","","","",""
"29","REJECT_OR_REGENERATE_REVIEW","P1","clipping_risk","botan_bloom_cannon","legacy-sfx-090","weapon","weapon","pass","assets-src/elevenlabs/raw/weapon/botan_bloom_cannon-v1.mp3","","1.2","1.2","0","0.20867","1","0.00037793","0.001989","0.017215","","12fd254a07f9aa970bba1420c8dfa6ef7bad9743539ecd6ecb1045271f3d91a5","true","NOT_RUNTIME_ADMITTED","","","","","","","","","","","",""
"30","REJECT_OR_REGENERATE_REVIEW","P1","near_silent;attack_dominant","chien","legacy-sfx-090","ability","ability","pass","assets-src/elevenlabs/raw/ability/chien-v1.mp3","","1.6","1.6","0","0.001867","0.023529","0","-0.000035","0.051361","","e5862633b32f7f6ecafb1da97d4035493c77857166acca106322e35cef5ccbe5","true","NOT_RUNTIME_ADMITTED","","","","","","","","","","","",""
"31","REJECT_OR_REGENERATE_REVIEW","P1","near_silent;attack_dominant","chogen","legacy-sfx-090","ability","ability","pass","assets-src/elevenlabs/raw/ability/chogen-v1.mp3","","1.6","1.6","0","0.006674","0.04953","0","0.000013","0.023611","","227fbdc8c5a6ca9e9da530e6e8bad7114827e9aec8233f1628c389535f06460a","true","NOT_RUNTIME_ADMITTED","","","","","","","","","","","",""
"32","REJECT_OR_REGENERATE_REVIEW","P1","near_silent","hakuro","legacy-sfx-090","ability","ability","pass","assets-src/elevenlabs/raw/ability/hakuro-v1.mp3","","1.6","1.6","0","0.00934","0.085754","0","-0.00006","0.182627","","f6c86e977caffa8c4e9024f2db4266d00b7c2edfaae459494b218739222defa9","true","NOT_RUNTIME_ADMITTED","","","","","","","","","","","",""
"33","REJECT_OR_REGENERATE_REVIEW","P1","near_silent;attack_dominant","hibariage","legacy-sfx-090","ability","ability","pass","assets-src/elevenlabs/raw/ability/hibariage-v1.mp3","","1.6","1.6","0","0.00042","0.007721","0","-0.00004","0.094984","","671330624f258feb82ad43f6289e693b77038c5ea0c8c6d1873e0b2465f64689","true","NOT_RUNTIME_ADMITTED","","","","","","","","","","","",""
"34","REJECT_OR_REGENERATE_REVIEW","P1","near_silent;attack_dominant","itamikaiho","legacy-sfx-090","ability","ability","pass","assets-src/elevenlabs/raw/ability/itamikaiho-v1.mp3","","1.6","1.6","0","0.005167","0.057434","0","-0.000027","0.021358","","f7963a92cf4432d860dc9d39bb537128cf2f538551eea2d4627e9d471cda66c1","true","NOT_RUNTIME_ADMITTED","","","","","","","","","","","",""
"35","REJECT_OR_REGENERATE_REVIEW","P1","clipping_risk","itokuri","legacy-sfx-090","ability","ability","pass","assets-src/elevenlabs/raw/ability/itokuri-v1.mp3","","1.6","1.6","0","0.025885","1","0.00007086","-0.000045","0.135631","","16cbf302402bd58ff785b5018cc4243ecc964cb535eae84a148555084938b58b","true","NOT_RUNTIME_ADMITTED","","","","","","","","","","","",""
"36","REJECT_OR_REGENERATE_REVIEW","P1","near_silent;attack_dominant","kagenui","legacy-sfx-090","ability","ability","pass","assets-src/elevenlabs/raw/ability/kagenui-v1.mp3","","1.6","1.6","0","0.003653","0.04837","0","0.000003","0.067348","","d7984536f3fa8358fefcf80861ca38b7b8f29a720a094db3efc60053b30e46c7","true","NOT_RUNTIME_ADMITTED","","","","","","","","","","","",""
"37","REJECT_OR_REGENERATE_REVIEW","P1","near_silent;attack_dominant","kaika","legacy-sfx-090","ability","ability","pass","assets-src/elevenlabs/raw/ability/kaika-v1.mp3","","1.6","1.6","0","0.002611","0.038208","0","-0.000022","0.072634","","3d7222a1d12ee2ec91072ffaabf21f21e3349303f3c617660c37184601dc19ab","true","NOT_RUNTIME_ADMITTED","","","","","","","","","","","",""
"38","REJECT_OR_REGENERATE_REVIEW","P1","clipping_risk;attack_dominant","karakasa_rib_scatter","legacy-sfx-090","weapon","weapon","pass","assets-src/elevenlabs/raw/weapon/karakasa_rib_scatter-v1.mp3","","1.2","1.2","0","0.163524","1","0.00003779","-0.005142","0.04282","","ec9e240c9cb4d7a36401fcb56a625f7009dde341a43a134003cf5226538a84b1","true","NOT_RUNTIME_ADMITTED","","","","","","","","","","","",""
"39","REJECT_OR_REGENERATE_REVIEW","P1","near_silent;attack_dominant","kasasuberi","legacy-sfx-090","ability","ability","pass","assets-src/elevenlabs/raw/ability/kasasuberi-v1.mp3","","1.6","1.6","0","0.000646","0.017395","0","0.000003","0.094474","","88b41c096043b5491e6fdd7d72af272f40ce738a50c710732ec8cf0908e1f5ba","true","NOT_RUNTIME_ADMITTED","","","","","","","","","","","",""
"40","REJECT_OR_REGENERATE_REVIEW","P1","near_silent;attack_dominant","kasauch","legacy-sfx-090","ability","ability","pass","assets-src/elevenlabs/raw/ability/kasauch-v1.mp3","","1.6","1.6","0","0.001071","0.015228","0","-0.000051","0.059836","","7f60021c54688491d00af097c0c6f4db0b7f450df999e76574ab8d10cd7f867f","true","NOT_RUNTIME_ADMITTED","","","","","","","","","","","",""
"41","REJECT_OR_REGENERATE_REVIEW","P1","clipping_risk","keiryukan","legacy-sfx-090","ability","ability","pass","assets-src/elevenlabs/raw/ability/keiryukan-v1.mp3","","2.8","2.76","-0.04","0.175016","1","0.00019718","-0.000701","0.033718","","50ff17e7f93600915637f9acd2e7b68dc01b1e57badedf924c5ad17e0e8f9e12","true","NOT_RUNTIME_ADMITTED","","","","","","","","","","","",""
"42","REJECT_OR_REGENERATE_REVIEW","P1","clipping_risk","michi","legacy-sfx-090","ability","ability","pass","assets-src/elevenlabs/raw/ability/michi-v1.mp3","","2.8","2.76","-0.04","0.348407","1","0.00211969","-0.000366","0.035402","","42e515944f2e4947236d1975557f6358b83fdf1468b0486a7c911c52d81ded3f","true","NOT_RUNTIME_ADMITTED","","","","","","","","","","","",""
"43","REJECT_OR_REGENERATE_REVIEW","P1","clipping_risk;attack_dominant","nuedori_twin_needles","legacy-sfx-090","weapon","weapon","pass","assets-src/elevenlabs/raw/weapon/nuedori_twin_needles-v1.mp3","","1.2","1.2","0","0.166558","1","0.00115268","0.000996","0.084204","","68213af4a73c043c5ccb2949db2b792c75f25948890ca224f2712274643b7ff2","true","NOT_RUNTIME_ADMITTED","","","","","","","","","","","",""
"44","REJECT_OR_REGENERATE_REVIEW","P1","clipping_risk;attack_dominant","senrinzaki","legacy-sfx-090","ability","ability","pass","assets-src/elevenlabs/raw/ability/senrinzaki-v1.mp3","","2.8","2.76","-0.04","0.180793","1","0.00005751","-0.002369","0.009859","","427b65959ebf7eabaf1139378c04e06dcad994fab6b3e4692cf40cec5c384bd3","true","NOT_RUNTIME_ADMITTED","","","","","","","","","","","",""
"45","REJECT_OR_REGENERATE_REVIEW","P1","near_silent;attack_dominant","shiogaeshi","legacy-sfx-090","ability","ability","pass","assets-src/elevenlabs/raw/ability/shiogaeshi-v1.mp3","","1.6","1.6","0","0.000538","0.007233","0","-0.000016","0.074831","","eb4079b2841f0478b3a89ff74c3778dddbc0e6faa95cc5dc3417d8ad8593fab9","true","NOT_RUNTIME_ADMITTED","","","","","","","","","","","",""
"46","REJECT_OR_REGENERATE_REVIEW","P1","clipping_risk;attack_dominant","shiomaneki_water_bomb","legacy-sfx-090","weapon","weapon","pass","assets-src/elevenlabs/raw/weapon/shiomaneki_water_bomb-v1.mp3","","1.2","1.2","0","0.147529","1","0.00020786","0.000061","0.017763","","3b89d552a615d2cab3b4380d9b57f8524023600929a66c80de5a6cc2e9497bb8","true","NOT_RUNTIME_ADMITTED","","","","","","","","","","","",""
"47","REJECT_OR_REGENERATE_REVIEW","P1","near_silent","smoke.music.oshioi.controlpoint.instrumental.v001","smoke-003","music","music","pass","outputs/audio-factory-20260729/generated/music/oshioi-controlpoint-instrumental-v001.mp3","","12","12.024014","0.024014","0.008205","0.063293","0","-0.00003","0.05001","","16391618ef5d0883c64d25f3752766b1e8eaad005a9b580113f397a9b913a00d","true","NOT_RUNTIME_ADMITTED","","","","","","","","","","","",""
"48","REJECT_OR_REGENERATE_REVIEW","P1","near_silent;attack_dominant","sueru","legacy-sfx-090","ability","ability","pass","assets-src/elevenlabs/raw/ability/sueru-v1.mp3","","1.6","1.6","0","0.000507","0.007446","0","-0.000033","0.067575","","78ab5939abe2390c2922733a71e49129379935493736b61f1358219a2b6c14c7","true","NOT_RUNTIME_ADMITTED","","","","","","","","","","","",""
"49","REJECT_OR_REGENERATE_REVIEW","P1","near_silent;attack_dominant","togebaraki","legacy-sfx-090","ability","ability","pass","assets-src/elevenlabs/raw/ability/togebaraki-v1.mp3","","1.6","1.6","0","0.004159","0.055206","0","-0.000111","0.022846","","e8a6013649dfb95735d42690e842d8384e67ec134409ea0c68e6fe1a655bf99d","true","NOT_RUNTIME_ADMITTED","","","","","","","","","","","",""
"50","REJECT_OR_REGENERATE_REVIEW","P1","near_silent;attack_dominant","tousan","legacy-sfx-090","ability","ability","pass","assets-src/elevenlabs/raw/ability/tousan-v1.mp3","","1.6","1.6","0","0.001041","0.013519","0","-0.00002","0.047535","","36462241ddff5af1974402462151504787e0bdc154de78a33bb07a42829c220a","true","NOT_RUNTIME_ADMITTED","","","","","","","","","","","",""
"51","REJECT_OR_REGENERATE_REVIEW","P1","clipping_risk","tsuzuriwatari","legacy-sfx-090","ability","ability","pass","assets-src/elevenlabs/raw/ability/tsuzuriwatari-v1.mp3","","1.6","1.6","0","0.039187","0.999969","0.00002834","-0.000228","0.177043","","aacc1168af78437bde80f65b93848553ca265dca80b9361d2ed4e533297e590f","true","NOT_RUNTIME_ADMITTED","","","","","","","","","","","",""
"52","REJECT_OR_REGENERATE_REVIEW","P1","clipping_risk;attack_dominant","vesta_pressure_cannon","legacy-sfx-090","weapon","weapon","pass","assets-src/elevenlabs/raw/weapon/vesta_pressure_cannon-v1.mp3","","1.2","1.2","0","0.099841","1","0.00005669","0.009522","0.025246","","7f57cf39d824f35be5785385ffb6f197ab5b3ede1be08ec0636794fef7ddc83e","true","NOT_RUNTIME_ADMITTED","","","","","","","","","","","",""
"53","REJECT_OR_REGENERATE_REVIEW","P1","near_silent;attack_dominant","wataribi","legacy-sfx-090","ability","ability","pass","assets-src/elevenlabs/raw/ability/wataribi-v1.mp3","","1.6","1.6","0","0.003779","0.042145","0","-0.000013","0.270398","","f761add314c846cdf7267869494163a6731b1b5433646dba0d931f14ef89dee1","true","NOT_RUNTIME_ADMITTED","","","","","","","","","","","",""
"54","REJECT_OR_REGENERATE_REVIEW","P1","near_silent","yadorizuru","legacy-sfx-090","ability","ability","pass","assets-src/elevenlabs/raw/ability/yadorizuru-v1.mp3","","1.6","1.6","0","0.003647","0.10437","0","-0.000043","0.089684","","98f82cb954907bcb5bec3e2d3b8e78fe68b91378a148e2c163a49c39a04dc676","true","NOT_RUNTIME_ADMITTED","","","","","","","","","","","",""
"55","REJECT_OR_REGENERATE_REVIEW","P1","near_silent;attack_dominant","yobimodoshi","legacy-sfx-090","ability","ability","pass","assets-src/elevenlabs/raw/ability/yobimodoshi-v1.mp3","","1.6","1.6","0","0.00033","0.005157","0","-0.000017","0.082399","","0e53c740192518f4521d85da722ba18d1024f2cda1f88f4d5ca050a7304ca84d","true","NOT_RUNTIME_ADMITTED","","","","","","","","","","","",""
"56","REJECT_OR_REGENERATE_REVIEW","P1","near_silent;attack_dominant","youkaida","legacy-sfx-090","ability","ability","pass","assets-src/elevenlabs/raw/ability/youkaida-v1.mp3","","1.6","1.6","0","0.000887","0.014465","0","-0.000013","0.047946","","f281b20fc7b19764761f23a3a9b2baac0e48f355a0d632ac8ad5012f1e0a45cb","true","NOT_RUNTIME_ADMITTED","","","","","","","","","","","",""
"57","REJECT_OR_REGENERATE_REVIEW","P1","clipping_risk","zairu_chain_spear","legacy-sfx-090","weapon","weapon","pass","assets-src/elevenlabs/raw/weapon/zairu_chain_spear-v1.mp3","","1.2","1.2","0","0.186631","0.999969","0.0000189","0.011228","0.038587","","a1881e30a652465189045d58cfca9754c437b3cc278b703132f6f72aa60d3898","true","NOT_RUNTIME_ADMITTED","","","","","","","","","","","",""
"58","REJECT_OR_REGENERATE_REVIEW","P2","clipping_risk;attack_dominant","aaa.batch001.sfx.movement.jump.v001","aaa-batch-001","movement","sound_effect","pass","outputs/audio-factory-20260730/aaa-batch-001/generated/sfx/movement/jump-v001.mp3","outputs/audio-factory-20260730/aaa-batch-001/mastered/sfx/jump-v001.mp3","0.5","0.48","-0.02","0.140195","1","0.00004724","-0.009643","0.395474","","ae2b80e0d34390c0e5b7b4752c61a5b0ab1feff39e684006c430b4c1636f68e2","true","NOT_RUNTIME_ADMITTED","","","","","","","","","","","",""
"59","REJECT_OR_REGENERATE_REVIEW","P2","clipping_risk","aaa.batch001.sfx.movement.land.v001","aaa-batch-001","movement","sound_effect","pass","outputs/audio-factory-20260730/aaa-batch-001/generated/sfx/movement/land-v001.mp3","outputs/audio-factory-20260730/aaa-batch-001/mastered/sfx/land-v001.mp3","0.6","0.6","0","0.116707","1","0.00011338","0.01263","0.008088","","a565159de4980cd2846b6d0ee85f18c8a48cd47445884eda7f7f55d7424b1c4d","true","NOT_RUNTIME_ADMITTED","","","","","","","","","","","",""
"60","REJECT_OR_REGENERATE_REVIEW","P2","near_silent;tail_dominant","aaa.pilot002.sfx.ambient-canal-water.v001","aaa-pilot-002","ambient","sound_effect","pass","outputs/audio-factory-20260730/aaa-pilot-002/generated/sfx/ambient-canal-water-v001.mp3","outputs/audio-factory-20260730/aaa-pilot-002/mastered/sfx/ambient-canal-water-v001.mp3","12","12","0","0.004843","0.306793","0","-0.000077","0.278447","","9ee45dff87310e6b7213f97b133dbb757ede3ecc0b7e09581b803a880b4ad048","true","NOT_RUNTIME_ADMITTED","","","","","","","","","","","",""
"61","REJECT_OR_REGENERATE_REVIEW","P2","near_silent;tail_dominant","aaa.pilot002.sfx.ambient-market-canopy.v001","aaa-pilot-002","ambient","sound_effect","pass","outputs/audio-factory-20260730/aaa-pilot-002/generated/sfx/ambient-market-canopy-v001.mp3","outputs/audio-factory-20260730/aaa-pilot-002/mastered/sfx/ambient-market-canopy-v001.mp3","12","12","0","0.002638","0.019104","0","-0.000067","0.101168","UNDER_AUDIBLE_REFERENCE; compare v002 before adoption","cea29bb2ef9f0a3e081268f9a46f999f45cbed0b6af6fff5be0fe90be6a3da48","true","NOT_RUNTIME_ADMITTED","","","","","","","","","","","",""
"62","REJECT_OR_REGENERATE_REVIEW","P2","near_silent;tail_dominant","aaa.pilot002.sfx.ambient-market-canopy.v002","aaa-pilot-002-remediation-001","ambient","sound_effect","pass","outputs/audio-factory-20260730/aaa-pilot-002-remediation-001/generated/sfx/ambient-market-canopy-v002.mp3","outputs/audio-factory-20260730/aaa-pilot-002-remediation-001/mastered/sfx/ambient-market-canopy-v002.mp3","12","12","0","0.007568","0.269196","0","-0.000043","0.168715","COMPARE_WITH:aaa.pilot002.sfx.ambient-market-canopy.v001","72dee08003ec8917631f238d0d7b66c6c4d50596b588da44638c5176d078f0e0","true","NOT_RUNTIME_ADMITTED","","","","","","","","","","","",""
"63","LISTEN_FIRST","P1","under_audible","aaa.batch001.sfx.ability.asagi.scan-ripple.cast.v001","aaa-batch-001","ability","sound_effect","pass","outputs/audio-factory-20260730/aaa-batch-001/generated/sfx/abilities/asagi-scan-ripple-cast-v001.mp3","outputs/audio-factory-20260730/aaa-batch-001/mastered/sfx/asagi-scan-ripple-cast-v001.mp3","0.65","0.64","-0.01","0.021673","0.430695","0","-0.000039","0.323778","","0c637c5cf4ce1341c5c1eca202d8fd4106590a88a90b6586caf0f8ba1e5a70ea","true","NOT_RUNTIME_ADMITTED","","","","","","","","","","","",""
"64","LISTEN_FIRST","P1","under_audible","aaa.batch001.sfx.ability.hibari.wind-lift.impact.v001","aaa-batch-001","ability","sound_effect","pass","outputs/audio-factory-20260730/aaa-batch-001/generated/sfx/abilities/hibari-wind-lift-impact-v001.mp3","outputs/audio-factory-20260730/aaa-batch-001/mastered/sfx/hibari-wind-lift-impact-v001.mp3","0.75","0.72","-0.03","0.024049","0.344086","0","-0.000006","0.231615","","11df5d031a402bef01a3c0cbb45130549992776d15ad9c74e809506211c0e89c","true","NOT_RUNTIME_ADMITTED","","","","","","","","","","","",""
"65","LISTEN_FIRST","P1","attack_dominant","aaa.batch001.sfx.ability.hibari.wind-lift.resolve.v001","aaa-batch-001","ability","sound_effect","pass","outputs/audio-factory-20260730/aaa-batch-001/generated/sfx/abilities/hibari-wind-lift-resolve-v001.mp3","outputs/audio-factory-20260730/aaa-batch-001/mastered/sfx/hibari-wind-lift-resolve-v001.mp3","0.9","0.88","-0.02","0.038457","0.425415","0","-0.000369","0.120081","","ce87a8ca980b8dcd11076500df7e40feee6c73321446582cdbe335bc7a3c7d60","true","NOT_RUNTIME_ADMITTED","","","","","","","","","","","",""
"66","LISTEN_FIRST","P1","attack_dominant","aaa.batch001.sfx.objective.capture-start.v001","aaa-batch-001","objective","sound_effect","pass","outputs/audio-factory-20260730/aaa-batch-001/generated/sfx/objective/capture-start-v001.mp3","outputs/audio-factory-20260730/aaa-batch-001/mastered/sfx/capture-start-v001.mp3","1","1","0","0.082748","0.991547","0","0.000076","0.039819","","35fecb063df8c1333c5186afee6bd10acf34c239cb3fe2eb0123d2e1ef6fe6d9","true","NOT_RUNTIME_ADMITTED","","","","","","","","","","","",""
"67","LISTEN_FIRST","P1","attack_dominant","aaa.batch001.sfx.objective.contested.v001","aaa-batch-001","objective","sound_effect","pass","outputs/audio-factory-20260730/aaa-batch-001/generated/sfx/objective/contested-v001.mp3","outputs/audio-factory-20260730/aaa-batch-001/mastered/sfx/contested-v001.mp3","1","1","0","0.068963","0.45575","0","-0.0025","0.003447","","9855c8696d931b0d5d5e139bb54fb744c934401502276b1a529cc4763f3fe9a7","true","NOT_RUNTIME_ADMITTED","","","","","","","","","","","",""
"68","LISTEN_FIRST","P1","under_audible","aaa.batch001.sfx.objective.round-end.v001","aaa-batch-001","objective","sound_effect","pass","outputs/audio-factory-20260730/aaa-batch-001/generated/sfx/objective/round-end-v001.mp3","outputs/audio-factory-20260730/aaa-batch-001/mastered/sfx/round-end-v001.mp3","1.2","1.2","0","0.017924","0.130249","0","-0.000155","0.036773","","6b48e344e415f502a182538053e34cf42594e505b954349faea25db9cf26865b","true","NOT_RUNTIME_ADMITTED","","","","","","","","","","","",""
"69","LISTEN_FIRST","P1","attack_dominant","aaa.batch001.sfx.objective.secured.v001","aaa-batch-001","objective","sound_effect","pass","outputs/audio-factory-20260730/aaa-batch-001/generated/sfx/objective/secured-v001.mp3","outputs/audio-factory-20260730/aaa-batch-001/mastered/sfx/secured-v001.mp3","1","1","0","0.051793","0.560394","0","0.000065","0.013016","","d80ed92bf6382649a37bc28809626cb88959595de03a86f9eb7b39fe5957b208","true","NOT_RUNTIME_ADMITTED","","","","","","","","","","","",""
"70","LISTEN_FIRST","P1","attack_dominant","aaa.batch001.sfx.ui.ability-blocked.v001","aaa-batch-001","ui","sound_effect","pass","outputs/audio-factory-20260730/aaa-batch-001/generated/sfx/ui/ability-blocked-v001.mp3","outputs/audio-factory-20260730/aaa-batch-001/mastered/sfx/ability-blocked-v001.mp3","0.55","0.52","-0.03","0.109095","0.960907","0","-0.001184","0.36117","","cb54b56a57db2e15379c699ad4cc63afd1721ccbec2256083394dd233597e016","true","NOT_RUNTIME_ADMITTED","","","","","","","","","","","",""
"71","LISTEN_FIRST","P1","attack_dominant","aaa.batch001.sfx.ui.cooldown-ready.v001","aaa-batch-001","ui","sound_effect","pass","outputs/audio-factory-20260730/aaa-batch-001/generated/sfx/ui/cooldown-ready-v001.mp3","outputs/audio-factory-20260730/aaa-batch-001/mastered/sfx/cooldown-ready-v001.mp3","0.6","0.6","0","0.084728","0.715057","0","-0.000043","0.030689","","b3e313faae543d695a52c4c74febd943c664f591b5ea0f996d3d27084d7bfe9e","true","NOT_RUNTIME_ADMITTED","","","","","","","","","","","",""
"72","LISTEN_FIRST","P1","attack_dominant","aaa.batch001.sfx.ui.critical-confirm.v001","aaa-batch-001","ui","sound_effect","pass","outputs/audio-factory-20260730/aaa-batch-001/generated/sfx/ui/critical-confirm-v001.mp3","outputs/audio-factory-20260730/aaa-batch-001/mastered/sfx/critical-confirm-v001.mp3","0.6","0.6","0","0.074079","0.830566","0","-0.000134","0.180203","","00a8030bf408252beeb924f327475dec67f78bdf4608e763b2e1f06b5f335c9d","true","NOT_RUNTIME_ADMITTED","","","","","","","","","","","",""
"73","LISTEN_FIRST","P1","under_audible;attack_dominant","aaa.batch001.sfx.ui.damage-taken.v001","aaa-batch-001","ui","sound_effect","pass","outputs/audio-factory-20260730/aaa-batch-001/generated/sfx/ui/damage-taken-v001.mp3","outputs/audio-factory-20260730/aaa-batch-001/mastered/sfx/damage-taken-v001.mp3","0.5","0.48","-0.02","0.010351","0.080902","0","0.000546","0.014362","","a66c5f87c8db326d51a7a521d0d3c253500271cef983695183647e85b33ef77a","true","NOT_RUNTIME_ADMITTED","","","","","","","","","","","",""
"74","LISTEN_FIRST","P1","attack_dominant","aaa.batch001.sfx.ui.low-health.v001","aaa-batch-001","ui","sound_effect","pass","outputs/audio-factory-20260730/aaa-batch-001/generated/sfx/ui/low-health-v001.mp3","outputs/audio-factory-20260730/aaa-batch-001/mastered/sfx/low-health-v001.mp3","0.7","0.680249","-0.019751","0.183198","0.97525","0","0.002662","0.012434","","c8b0705f111a68713239e3b6f1ed60f7f8a81d7d33b0b7707a2944d255fc5fec","true","NOT_RUNTIME_ADMITTED","","","","","","","","","","","",""
"75","LISTEN_FIRST","P1","under_audible","aaa.batch001.sfx.ui.respawn-ready.v001","aaa-batch-001","ui","sound_effect","pass","outputs/audio-factory-20260730/aaa-batch-001/generated/sfx/ui/respawn-ready-v001.mp3","outputs/audio-factory-20260730/aaa-batch-001/mastered/sfx/respawn-ready-v001.mp3","0.7","0.680249","-0.019751","0.020653","0.104187","0","-0.000021","0.037836","","c018324d4106444ff54a75b931782482d8e53ebc8323dc428274b4ac2df21f78","true","NOT_RUNTIME_ADMITTED","","","","","","","","","","","",""
"76","LISTEN_FIRST","P1","dc_offset","aaa.batch001.sfx.weapon.ankou.impact-metal.v001","aaa-batch-001","weapon","sound_effect","pass","outputs/audio-factory-20260730/aaa-batch-001/generated/sfx/weapons/ankou-impact-metal-v001.mp3","outputs/audio-factory-20260730/aaa-batch-001/mastered/sfx/ankou-impact-metal-v001.mp3","0.65","0.64","-0.01","0.041201","0.189789","0","-0.028517","0.002941","","c6b8f549fd36aa495ef6abe774342e40f73c98f0835785680b6a3e245ee9bf08","true","NOT_RUNTIME_ADMITTED","","","","","","","","","","","",""
"77","LISTEN_FIRST","P1","attack_dominant","aaa.batch001.sfx.weapon.ankou.impact-stone.v001","aaa-batch-001","weapon","sound_effect","pass","outputs/audio-factory-20260730/aaa-batch-001/generated/sfx/weapons/ankou-impact-stone-v001.mp3","outputs/audio-factory-20260730/aaa-batch-001/mastered/sfx/ankou-impact-stone-v001.mp3","0.65","0.64","-0.01","0.031095","0.321411","0","0.000462","0.04096","","0b7ee844775629203a350ac0b9001ca90e485887f92d4fd1b057efb35461ab97","true","NOT_RUNTIME_ADMITTED","","","","","","","","","","","",""
"78","LISTEN_FIRST","P1","dc_offset;attack_dominant","aaa.batch001.sfx.weapon.hokuchi.charge.v001","aaa-batch-001","weapon","sound_effect","pass","outputs/audio-factory-20260730/aaa-batch-001/generated/sfx/weapons/hokuchi-charge-v001.mp3","outputs/audio-factory-20260730/aaa-batch-001/mastered/sfx/hokuchi-charge-v001.mp3","0.8","0.8","0","0.130667","0.754211","0","-0.060175","0.018878","","42e0e34f94beb6fd8f4574c606b5d5be00da651ee22830d8e700f96be359307c","true","NOT_RUNTIME_ADMITTED","","","","","","","","","","","",""
"79","LISTEN_FIRST","P1","under_audible","aaa.batch001.sfx.weapon.hokuchi.impact-stone.v001","aaa-batch-001","weapon","sound_effect","pass","outputs/audio-factory-20260730/aaa-batch-001/generated/sfx/weapons/hokuchi-impact-stone-v001.mp3","outputs/audio-factory-20260730/aaa-batch-001/mastered/sfx/hokuchi-impact-stone-v001.mp3","0.65","0.64","-0.01","0.010606","0.070923","0","-0.007759","0.024306","","4b3f20bd08188905a17c09c8d309e29e6ea303250ee82762cbe5acfeedd0604a","true","NOT_RUNTIME_ADMITTED","","","","","","","","","","","",""
"80","LISTEN_FIRST","P1","dc_offset","aaa.batch001.sfx.weapon.hokuchi.primary-fire-far.v001","aaa-batch-001","weapon","sound_effect","pass","outputs/audio-factory-20260730/aaa-batch-001/generated/sfx/weapons/hokuchi-primary-fire-far-v001.mp3","outputs/audio-factory-20260730/aaa-batch-001/mastered/sfx/hokuchi-primary-fire-far-v001.mp3","0.8","0.8","0","0.057625","0.323029","0","-0.028713","0.00873","","2f6d6ad958c7a981a642b3090b852cb80bf5ac2f0010c58c3b20dc83f2673bb2","true","NOT_RUNTIME_ADMITTED","","","","","","","","","","","",""
"81","LISTEN_FIRST","P1","attack_dominant","aaa.batch001.sfx.weapon.hokuchi.primary-fire-near.v001","aaa-batch-001","weapon","sound_effect","pass","outputs/audio-factory-20260730/aaa-batch-001/generated/sfx/weapons/hokuchi-primary-fire-near-v001.mp3","outputs/audio-factory-20260730/aaa-batch-001/mastered/sfx/hokuchi-primary-fire-near-v001.mp3","0.55","0.52","-0.03","0.0462","0.726227","0","-0.000421","0.119009","","767bbb5c1bb2e2f572e223440d1e2569c9f059f25665d96e1ba4fce2e583e5e9","true","NOT_RUNTIME_ADMITTED","","","","","","","","","","","",""
"82","LISTEN_FIRST","P1","attack_dominant","aaa.batch001.sfx.weapon.shirasagi.charge.v001","aaa-batch-001","weapon","sound_effect","pass","outputs/audio-factory-20260730/aaa-batch-001/generated/sfx/weapons/shirasagi-charge-v001.mp3","outputs/audio-factory-20260730/aaa-batch-001/mastered/sfx/shirasagi-charge-v001.mp3","0.8","0.8","0","0.05656","0.704468","0","-0.001003","0.263528","","df1cf365814f263efd83a9d2483b8ec0f58030e8e4c2c8a46178c009aed99972","true","NOT_RUNTIME_ADMITTED","","","","","","","","","","","",""
"83","LISTEN_FIRST","P1","attack_dominant","aaa.batch001.sfx.weapon.shirasagi.overheat.v001","aaa-batch-001","weapon","sound_effect","pass","outputs/audio-factory-20260730/aaa-batch-001/generated/sfx/weapons/shirasagi-overheat-v001.mp3","outputs/audio-factory-20260730/aaa-batch-001/mastered/sfx/shirasagi-overheat-v001.mp3","1","1","0","0.034451","0.852722","0","0.000306","0.378671","","1c098de0ad32152142c41c317ab8ae011606fb505cc3198463c22dac0d2fd2dc","true","NOT_RUNTIME_ADMITTED","","","","","","","","","","","",""
"84","LISTEN_FIRST","P1","attack_dominant","aaa.batch001.sfx.weapon.shirasagi.primary-fire-far.v001","aaa-batch-001","weapon","sound_effect","pass","outputs/audio-factory-20260730/aaa-batch-001/generated/sfx/weapons/shirasagi-primary-fire-far-v001.mp3","outputs/audio-factory-20260730/aaa-batch-001/mastered/sfx/shirasagi-primary-fire-far-v001.mp3","0.8","0.8","0","0.04864","0.846283","0","-0.000561","0.312651","","50cc18b54020089af6e09b7488d3d53fede6958946d046c4a8bc72aa40d5fa1a","true","NOT_RUNTIME_ADMITTED","","","","","","","","","","","",""
"85","LISTEN_FIRST","P1","under_audible","aaa.pilot002.sfx.ui-focus.v001","aaa-pilot-002","ui","sound_effect","pass","outputs/audio-factory-20260730/aaa-pilot-002/generated/sfx/ui-focus-v001.mp3","outputs/audio-factory-20260730/aaa-pilot-002/mastered/sfx/ui-focus-v001.mp3","0.5","0.48","-0.02","0.022388","0.241302","0","-0.00021","0.24628","","481bb4dd7f0f93e43d2eb01cb14fcb39f11b6315b19c95c9d91e3d175e651700","true","NOT_RUNTIME_ADMITTED","","","","","","","","","","","",""
"86","LISTEN_FIRST","P1","tail_dominant","aaa.wave001.music.controlpoint-neutral-tension.v001","aaa-wave-001","music","music","pass","outputs/audio-factory-20260729/aaa-wave-001/generated/music/controlpoint-neutral-tension-v001.mp3","outputs/audio-factory-20260729/aaa-wave-001/mastered/music/controlpoint-neutral-tension-v001.mp3","26","26.04","0.04","0.068539","0.423187","0","0.000099","0.013625","","9d0675528232fa68d21dad9799da665ef156616a5432caadea26b5c39b0462d2","true","NOT_RUNTIME_ADMITTED","","","","","","","","","","","",""
"87","LISTEN_FIRST","P1","under_audible;tail_dominant","aaa.wave001.music.controlpoint-team1-push.v001","aaa-wave-001","music","music","pass","outputs/audio-factory-20260729/aaa-wave-001/generated/music/controlpoint-team1-push-v001.mp3","outputs/audio-factory-20260729/aaa-wave-001/mastered/music/controlpoint-team1-push-v001.mp3","24","24.024014","0.024014","0.020401","0.275665","0","-0.000024","0.046206","","bf99dbfce6457e65a33c2ee28b0db62bf12a099f89ef6d84c0ecab0cceff0668","true","NOT_RUNTIME_ADMITTED","","","","","","","","","","","",""
"88","LISTEN_FIRST","P1","under_audible","aaa.wave001.music.defeat-refocus.v001","aaa-wave-001","music","music","pass","outputs/audio-factory-20260729/aaa-wave-001/generated/music/defeat-refocus-v001.mp3","outputs/audio-factory-20260729/aaa-wave-001/mastered/music/defeat-refocus-v001.mp3","16","16.032018","0.032018","0.014037","0.110748","0","-0.000004","0.011974","","e2705604cd391969f63cb014b1ac85b7042161e517e6cd0b844dfc3628cfed40","true","NOT_RUNTIME_ADMITTED","","","","","","","","","","","",""
"89","LISTEN_FIRST","P1","under_audible","aaa.wave001.music.match-setup-briefing.v001","aaa-wave-001","music","music","pass","outputs/audio-factory-20260729/aaa-wave-001/generated/music/match-setup-briefing-v001.mp3","outputs/audio-factory-20260729/aaa-wave-001/mastered/music/match-setup-briefing-v001.mp3","22","22.032018","0.032018","0.020394","0.154358","0","-0.000009","0.018024","","a02268fc51302c17c3a100dd2bf22373db1811790d942d4e2ff95465825bbbf4","true","NOT_RUNTIME_ADMITTED","","","","","","","","","","","",""
"90","LISTEN_FIRST","P1","attack_dominant","aburasuberi","legacy-sfx-090","ability","ability","pass","assets-src/elevenlabs/raw/ability/aburasuberi-v1.mp3","","1.6","1.6","0","0.142149","0.980377","0","-0.001299","0.04453","","4c36c71e8f03236dbc11fb4541e1a2633a70e1cfa4efcdff5bea6eb0c33696b2","true","NOT_RUNTIME_ADMITTED","","","","","","","","","","","",""
"91","LISTEN_FIRST","P1","under_audible","ankou_lure_torpedo","legacy-sfx-090","weapon","weapon","pass","assets-src/elevenlabs/raw/weapon/ankou_lure_torpedo-v1.mp3","","1.2","1.2","0","0.019454","0.191956","0","0.000034","0.067159","","7f9c894b83509964e07eb459bc79f71a98e04531147999801981126f7ea6b09e","true","NOT_RUNTIME_ADMITTED","","","","","","","","","","","",""
"92","LISTEN_FIRST","P1","dc_offset","asagi_survey_rifle","legacy-sfx-090","weapon","weapon","pass","assets-src/elevenlabs/raw/weapon/asagi_survey_rifle-v1.mp3","","1.2","1.2","0","0.081258","0.398956","0","-0.04917","0.022506","","580f6e3a799997c6511442dfe9a95ab346e0c0db489263e009529d003864ee9b","true","NOT_RUNTIME_ADMITTED","","","","","","","","","","","",""
"93","LISTEN_FIRST","P1","attack_dominant","baraga_forge_hammer","legacy-sfx-090","weapon","weapon","pass","assets-src/elevenlabs/raw/weapon/baraga_forge_hammer-v1.mp3","","1.2","1.2","0","0.044256","0.450195","0","-0.000375","0.043992","","d1e492aaf3001614c9a907f876386269dd637afdb21ad5d8e0ffc777c391729d","true","NOT_RUNTIME_ADMITTED","","","","","","","","","","","",""
"94","LISTEN_FIRST","P1","under_audible;attack_dominant","chuzouheki","legacy-sfx-090","ability","ability","pass","assets-src/elevenlabs/raw/ability/chuzouheki-v1.mp3","","1.6","1.6","0","0.02019","0.96521","0","-0.000145","0.168455","","9d9f4f017c7605354bee4bd1e0757434def29dbed600061971d8fcc5aa623a8f","true","NOT_RUNTIME_ADMITTED","","","","","","","","","","","",""
"95","LISTEN_FIRST","P1","attack_dominant","daigasso","legacy-sfx-090","ability","ability","pass","assets-src/elevenlabs/raw/ability/daigasso-v1.mp3","","2.8","2.76","-0.04","0.075475","0.772888","0","-0.000158","0.006343","","161b82c0199ec64fe9933bf43c65c7e89d73bd8937388894f336f2f51438991d","true","NOT_RUNTIME_ADMITTED","","","","","","","","","","","",""
"96","LISTEN_FIRST","P1","attack_dominant","hanabiashi","legacy-sfx-090","ability","ability","pass","assets-src/elevenlabs/raw/ability/hanabiashi-v1.mp3","","1.6","1.6","0","0.047846","0.956848","0","-0.000042","0.047889","","36d86c6cdf3392dac8f694e09e95ff6c236975b11fb57dc3276fec406a62ccad","true","NOT_RUNTIME_ADMITTED","","","","","","","","","","","",""
"97","LISTEN_FIRST","P1","attack_dominant","hibari_spark_shot","legacy-sfx-090","weapon","weapon","pass","assets-src/elevenlabs/raw/weapon/hibari_spark_shot-v1.mp3","","1.2","1.2","0","0.091809","0.612244","0","-0.002957","0.055859","","a08c9254171a43e849212d56146b2fb849c5940baaa2d07538a608c1ec05d1fd","true","NOT_RUNTIME_ADMITTED","","","","","","","","","","","",""
"98","LISTEN_FIRST","P1","under_audible;attack_dominant","hikiyose","legacy-sfx-090","ability","ability","pass","assets-src/elevenlabs/raw/ability/hikiyose-v1.mp3","","1.6","1.6","0","0.015479","0.629089","0","-0.000063","0.29486","","2479d5a4327987a0b38ed3084bc51281fed1f434e21540f0bfeeb9c71010a396","true","NOT_RUNTIME_ADMITTED","","","","","","","","","","","",""
"99","LISTEN_FIRST","P1","under_audible;attack_dominant","kassho","legacy-sfx-090","ability","ability","pass","assets-src/elevenlabs/raw/ability/kassho-v1.mp3","","1.6","1.6","0","0.015169","0.982788","0","-0.000027","0.382247","","f8f452dbcd8b65e658329b87e661cb7392993584517c3786aad858c34b35b5ba","true","NOT_RUNTIME_ADMITTED","","","","","","","","","","","",""
"100","LISTEN_FIRST","P1","under_audible","kemurio","legacy-sfx-090","ability","ability","pass","assets-src/elevenlabs/raw/ability/kemurio-v1.mp3","","1.6","1.6","0","0.023573","0.484344","0","-0.000287","0.13617","","cc5583fad133dfeee0a8449452d27105b204428771f1f7d13e6f0fd8ca99f9aa","true","NOT_RUNTIME_ADMITTED","","","","","","","","","","","",""
"101","LISTEN_FIRST","P1","attack_dominant","kussetsusho","legacy-sfx-090","ability","ability","pass","assets-src/elevenlabs/raw/ability/kussetsusho-v1.mp3","","1.6","1.6","0","0.088759","0.985077","0","-0.000199","0.05703","","1490a4fba85fd8267fed0aaa56bd7294c2627ec82f7e7c5fd9aa87df1e126d7b","true","NOT_RUNTIME_ADMITTED","","","","","","","","","","","",""
"102","LISTEN_FIRST","P1","attack_dominant","mizuheri","legacy-sfx-090","ability","ability","pass","assets-src/elevenlabs/raw/ability/mizuheri-v1.mp3","","1.6","1.6","0","0.068857","0.809418","0","-0.003056","0.029536","","250d9831205a5c0afa94f4a84a8c66d5b0ba5df9d2eb21c84c0cbd1149b6a065","true","NOT_RUNTIME_ADMITTED","","","","","","","","","","","",""
"103","LISTEN_FIRST","P1","attack_dominant","naminori","legacy-sfx-090","ability","ability","pass","assets-src/elevenlabs/raw/ability/naminori-v1.mp3","","1.6","1.6","0","0.057052","0.646606","0","-0.000886","0.058363","","29252054a4c4c33cd42562b69f10123757f55fb8751893a7b9924d89190de513","true","NOT_RUNTIME_ADMITTED","","","","","","","","","","","",""
"104","LISTEN_FIRST","P1","attack_dominant","ranhansha","legacy-sfx-090","ability","ability","pass","assets-src/elevenlabs/raw/ability/ranhansha-v1.mp3","","1.6","1.6","0","0.039686","0.803711","0","0.000252","0.097578","","d1cedac83e4c9772da13c8f5b4d3358a1ca05aaf057ba7222eb2cce0db6dd378","true","NOT_RUNTIME_ADMITTED","","","","","","","","","","","",""
"105","LISTEN_FIRST","P1","under_audible","shikakehana","legacy-sfx-090","ability","ability","pass","assets-src/elevenlabs/raw/ability/shikakehana-v1.mp3","","1.6","1.6","0","0.01655","0.600555","0","-0.000238","0.090081","","58e07ca5855d72b09589ca59ab77c1c97b31f7f0ee1ee7c3eae019814ea90991","true","NOT_RUNTIME_ADMITTED","","","","","","","","","","","",""
"106","LISTEN_FIRST","P1","under_audible;attack_dominant","shirubeya","legacy-sfx-090","ability","ability","pass","assets-src/elevenlabs/raw/ability/shirubeya-v1.mp3","","1.6","1.6","0","0.018109","0.140015","0","0.000011","0.036154","","eeaf514f347607bea8578fdaf605503ba99a72bef21bb7f02c668e26c1ed9bd8","true","NOT_RUNTIME_ADMITTED","","","","","","","","","","","",""
"107","LISTEN_FIRST","P1","under_audible;attack_dominant","shotoucho","legacy-sfx-090","ability","ability","pass","assets-src/elevenlabs/raw/ability/shotoucho-v1.mp3","","1.6","1.6","0","0.010326","0.305237","0","-0.000069","0.048754","","f09fdbe356fa7844f0a24c84574fa2b1a541f973c5937aa97c913996cdb03027","true","NOT_RUNTIME_ADMITTED","","","","","","","","","","","",""
"108","LISTEN_FIRST","P1","attack_dominant","sumiwatari","legacy-sfx-090","ability","ability","pass","assets-src/elevenlabs/raw/ability/sumiwatari-v1.mp3","","2.8","2.76","-0.04","0.111012","0.848419","0","-0.000374","0.0099","","6065b9689d4d81e8732a601e7169f734a79473025ed447257295a09c5e16bfa2","true","NOT_RUNTIME_ADMITTED","","","","","","","","","","","",""
"109","LISTEN_FIRST","P1","under_audible;attack_dominant","tensei","legacy-sfx-090","ability","ability","pass","assets-src/elevenlabs/raw/ability/tensei-v1.mp3","","1.6","1.6","0","0.015733","0.757721","0","0.000202","0.109313","","fe5443363d6d444330b239044f1c40f6ecc810727396bd343eb04b77991557b4","true","NOT_RUNTIME_ADMITTED","","","","","","","","","","","",""
"110","LISTEN_FIRST","P1","attack_dominant","tobariwatari","legacy-sfx-090","ability","ability","pass","assets-src/elevenlabs/raw/ability/tobariwatari-v1.mp3","","1.6","1.6","0","0.064304","0.916565","0","-0.000057","0.082555","","f23c2f2cf1e73cc070a8bf9b2e96a3bd403f0983d9d2d6fd9b1681879ebbbe16","true","NOT_RUNTIME_ADMITTED","","","","","","","","","","","",""
"111","LISTEN_FIRST","P1","attack_dominant","tsubakuro_blade","legacy-sfx-090","weapon","weapon","pass","assets-src/elevenlabs/raw/weapon/tsubakuro_blade-v1.mp3","","1.2","1.2","0","0.054963","0.779816","0","0.000138","0.109601","","291b7d61dd11022c58c8ab58e35348fe30af559a5412dca9002662a459d22c0d","true","NOT_RUNTIME_ADMITTED","","","","","","","","","","","",""
"112","LISTEN_FIRST","P1","under_audible;attack_dominant","tsubamegaeshi","legacy-sfx-090","ability","ability","pass","assets-src/elevenlabs/raw/ability/tsubamegaeshi-v1.mp3","","1.6","1.6","0","0.012956","0.280396","0","0.000017","0.082909","","2a2d5adbf8ccde0b3bc55dd84f401f133f2ca5254b97c4db8926c6d68e48d2af","true","NOT_RUNTIME_ADMITTED","","","","","","","","","","","",""
"113","LISTEN_FIRST","P1","attack_dominant","tsugiashi","legacy-sfx-090","ability","ability","pass","assets-src/elevenlabs/raw/ability/tsugiashi-v1.mp3","","1.6","1.6","0","0.163353","0.988281","0","0.006854","0.060644","","0309c633ce80f8fb27985988be37f40690df9e665b0a817dc64851e69de8d7fe","true","NOT_RUNTIME_ADMITTED","","","","","","","","","","","",""
"114","LISTEN_FIRST","P1","attack_dominant","tsuridama","legacy-sfx-090","ability","ability","pass","assets-src/elevenlabs/raw/ability/tsuridama-v1.mp3","","1.6","1.6","0","0.043853","0.616791","0","0.000182","0.041242","","7fed4e86f1dec0a8fdabdfdcf8d9ed7ded7fc46e6fa705782a7c6fbce7f77fb2","true","NOT_RUNTIME_ADMITTED","","","","","","","","","","","",""
"115","LISTEN_FIRST","P1","under_audible","tsuzuri_light_needle","legacy-sfx-090","weapon","weapon","pass","assets-src/elevenlabs/raw/weapon/tsuzuri_light_needle-v1.mp3","","1.2","1.2","0","0.024718","0.207184","0","-0.000856","0.298248","","0c0e2e17c64ab656c566f72530aa6fbb50580e3e242e95826fbbc401ede7eb42","true","NOT_RUNTIME_ADMITTED","","","","","","","","","","","",""
"116","LISTEN_FIRST","P1","attack_dominant","ukenagashi","legacy-sfx-090","ability","ability","pass","assets-src/elevenlabs/raw/ability/ukenagashi-v1.mp3","","1.6","1.6","0","0.032599","0.370758","0","-0.000252","0.098754","","93276872791547328ccd07fb141ed7789f0cd754e76a28c69f0ff32ca2678139","true","NOT_RUNTIME_ADMITTED","","","","","","","","","","","",""
"117","LISTEN_FIRST","P2","attack_dominant","aaa.batch001.sfx.movement.bronze-step.v001","aaa-batch-001","movement","sound_effect","pass","outputs/audio-factory-20260730/aaa-batch-001/generated/sfx/movement/bronze-step-v001.mp3","outputs/audio-factory-20260730/aaa-batch-001/mastered/sfx/bronze-step-v001.mp3","0.5","0.48","-0.02","0.028856","0.324982","0","-0.000333","0.08518","","c75189f0c0ada7723471cc55e26ca1fd978ec374a73c4ceaa8bdc0f6e0dc45ce","true","NOT_RUNTIME_ADMITTED","","","","","","","","","","","",""
"118","LISTEN_FIRST","P2","attack_dominant","aaa.batch001.sfx.movement.shallow-water-step.v001","aaa-batch-001","movement","sound_effect","pass","outputs/audio-factory-20260730/aaa-batch-001/generated/sfx/movement/shallow-water-step-v001.mp3","outputs/audio-factory-20260730/aaa-batch-001/mastered/sfx/shallow-water-step-v001.mp3","0.55","0.52","-0.03","0.058191","0.537506","0","-0.000126","0.524661","","75514d4cff1565624641d81b38f212a78b676ed2495e14cc2329a9425ea85f12","true","NOT_RUNTIME_ADMITTED","","","","","","","","","","","",""
"119","LISTEN_FIRST","P2","attack_dominant","aaa.batch001.sfx.movement.wood-step.v001","aaa-batch-001","movement","sound_effect","pass","outputs/audio-factory-20260730/aaa-batch-001/generated/sfx/movement/wood-step-v001.mp3","outputs/audio-factory-20260730/aaa-batch-001/mastered/sfx/wood-step-v001.mp3","0.5","0.48","-0.02","0.097816","0.943115","0","0.000228","0.028488","","6e9bf2776d3d43ff750ce2341a76fbd7af45da3162e9851532d1a8b2d21b95e1","true","NOT_RUNTIME_ADMITTED","","","","","","","","","","","",""
"120","LISTEN_FIRST","P2","tail_dominant","aaa.pilot002.sfx.ambient-coastal-wind.v001","aaa-pilot-002","ambient","sound_effect","pass","outputs/audio-factory-20260730/aaa-pilot-002/generated/sfx/ambient-coastal-wind-v001.mp3","outputs/audio-factory-20260730/aaa-pilot-002/mastered/sfx/ambient-coastal-wind-v001.mp3","12","12","0","0.087563","0.653381","0","0.000798","0.002759","","974be798d984c3ec302fe5c253f9f155bf6649aa32640c31d2127e6769229503","true","NOT_RUNTIME_ADMITTED","","","","","","","","","","","",""
"121","LISTEN_FIRST","P2","attack_dominant","aaa.pilot002.sfx.foley-ceramic-vessel-set.v001","aaa-pilot-002","foley","sound_effect","pass","outputs/audio-factory-20260730/aaa-pilot-002/generated/sfx/foley-ceramic-vessel-set-v001.mp3","outputs/audio-factory-20260730/aaa-pilot-002/mastered/sfx/foley-ceramic-vessel-set-v001.mp3","0.7","0.680249","-0.019751","0.056593","0.991302","0","-0.000123","0.063704","","d97eb4c7347009480dea868b65b233ad37c6a3971f2e2c6e73a94361a8dc01ad","true","NOT_RUNTIME_ADMITTED","","","","","","","","","","","",""
"122","LISTEN_FIRST","P2","under_audible","aaa.pilot002.sfx.foley-lantern-bronze-tap.v001","aaa-pilot-002","foley","sound_effect","pass","outputs/audio-factory-20260730/aaa-pilot-002/generated/sfx/foley-lantern-bronze-tap-v001.mp3","outputs/audio-factory-20260730/aaa-pilot-002/mastered/sfx/foley-lantern-bronze-tap-v001.mp3","0.5","0.48","-0.02","0.013448","0.137665","0","0.000048","0.308594","","65060375fce8660b4bd72dff464e2fecd6ec8af3f4da2df51081a511b23de0e0","true","NOT_RUNTIME_ADMITTED","","","","","","","","","","","",""
"123","LISTEN_FIRST","P2","attack_dominant","aaa.pilot002.sfx.move-stone-land.v001","aaa-pilot-002","movement","sound_effect","pass","outputs/audio-factory-20260730/aaa-pilot-002/generated/sfx/move-stone-land-v001.mp3","outputs/audio-factory-20260730/aaa-pilot-002/mastered/sfx/move-stone-land-v001.mp3","0.6","0.6","0","0.173056","0.99173","0","-0.007843","0.020258","","76b4b689fbf2f3e10761dab0d708b81c0b12eeeab49c246cf56c18c1340371d3","true","NOT_RUNTIME_ADMITTED","","","","","","","","","","","",""
"124","NORMAL_LISTENING_QUEUE","P1","automated_qc_clear;human_review_required","aaa.batch001.sfx.ability.ankou.tide-snare.cast.v001","aaa-batch-001","ability","sound_effect","pass","outputs/audio-factory-20260730/aaa-batch-001/generated/sfx/abilities/ankou-tide-snare-cast-v001.mp3","outputs/audio-factory-20260730/aaa-batch-001/mastered/sfx/ankou-tide-snare-cast-v001.mp3","0.65","0.64","-0.01","0.039841","0.454498","0","-0.000746","0.242639","","7390201de66394139abb4450299214ecdeebf6a11ef8cd517ac792d826841189","true","NOT_RUNTIME_ADMITTED","","","","","","","","","","","",""
"125","NORMAL_LISTENING_QUEUE","P1","automated_qc_clear;human_review_required","aaa.batch001.sfx.ability.asagi.scan-ripple.resolve.v001","aaa-batch-001","ability","sound_effect","pass","outputs/audio-factory-20260730/aaa-batch-001/generated/sfx/abilities/asagi-scan-ripple-resolve-v001.mp3","outputs/audio-factory-20260730/aaa-batch-001/mastered/sfx/asagi-scan-ripple-resolve-v001.mp3","0.9","0.88","-0.02","0.088996","0.812897","0","-0.000094","0.373129","","2f44e76a13fe36d44bf655c19ad7f1b0122b10c25422ce4ef7b3e5a597e54382","true","NOT_RUNTIME_ADMITTED","","","","","","","","","","","",""
"126","NORMAL_LISTENING_QUEUE","P1","automated_qc_clear;human_review_required","aaa.batch001.sfx.ability.asagi.scan-ripple.travel.v001","aaa-batch-001","ability","sound_effect","pass","outputs/audio-factory-20260730/aaa-batch-001/generated/sfx/abilities/asagi-scan-ripple-travel-v001.mp3","outputs/audio-factory-20260730/aaa-batch-001/mastered/sfx/asagi-scan-ripple-travel-v001.mp3","0.8","0.8","0","0.041169","0.673096","0","0.000027","0.19377","","56f5a544f56bf2366d5ea1c98d1eb5d6959041b11a21d6e6d8d4e54f35a64c70","true","NOT_RUNTIME_ADMITTED","","","","","","","","","","","",""
"127","NORMAL_LISTENING_QUEUE","P1","automated_qc_clear;human_review_required","aaa.batch001.sfx.ability.hibari.wind-lift.cast.v001","aaa-batch-001","ability","sound_effect","pass","outputs/audio-factory-20260730/aaa-batch-001/generated/sfx/abilities/hibari-wind-lift-cast-v001.mp3","outputs/audio-factory-20260730/aaa-batch-001/mastered/sfx/hibari-wind-lift-cast-v001.mp3","0.65","0.64","-0.01","0.052811","0.369324","0","-0.000472","0.438508","","5e6cf41b896b69624565fdbc0b1c63ace5dc2ec8de741920b50020af2ffe9a21","true","NOT_RUNTIME_ADMITTED","","","","","","","","","","","",""
"128","NORMAL_LISTENING_QUEUE","P1","automated_qc_clear;human_review_required","aaa.batch001.sfx.ability.hibari.wind-lift.travel.v001","aaa-batch-001","ability","sound_effect","pass","outputs/audio-factory-20260730/aaa-batch-001/generated/sfx/abilities/hibari-wind-lift-travel-v001.mp3","outputs/audio-factory-20260730/aaa-batch-001/mastered/sfx/hibari-wind-lift-travel-v001.mp3","0.8","0.8","0","0.071859","0.919128","0","-0.000269","0.493665","","c8f6ebb121cf4f5c5ef4decebedc7f3abf092c5cd2641d4a337b98b3dc47e733","true","NOT_RUNTIME_ADMITTED","","","","","","","","","","","",""
"129","NORMAL_LISTENING_QUEUE","P1","automated_qc_clear;human_review_required","aaa.batch001.sfx.ability.hokuchi.heat-bastion.cast.v001","aaa-batch-001","ability","sound_effect","pass","outputs/audio-factory-20260730/aaa-batch-001/generated/sfx/abilities/hokuchi-heat-bastion-cast-v001.mp3","outputs/audio-factory-20260730/aaa-batch-001/mastered/sfx/hokuchi-heat-bastion-cast-v001.mp3","0.65","0.64","-0.01","0.0481","0.546936","0","0.001668","0.092123","","7c8ee2e8f7425c687dd42faa03fb9ba5dc07556379d3c992e479f054165d8449","true","NOT_RUNTIME_ADMITTED","","","","","","","","","","","",""
"130","NORMAL_LISTENING_QUEUE","P1","automated_qc_clear;human_review_required","aaa.batch001.sfx.ability.hokuchi.heat-bastion.impact.v001","aaa-batch-001","ability","sound_effect","pass","outputs/audio-factory-20260730/aaa-batch-001/generated/sfx/abilities/hokuchi-heat-bastion-impact-v001.mp3","outputs/audio-factory-20260730/aaa-batch-001/mastered/sfx/hokuchi-heat-bastion-impact-v001.mp3","0.75","0.72","-0.03","0.129008","0.791718","0","0.000041","0.136909","","437368808cb435bc72cea08819201c888713ea67e29248c7c45a74ddeaa99fbc","true","NOT_RUNTIME_ADMITTED","","","","","","","","","","","",""
"131","NORMAL_LISTENING_QUEUE","P1","automated_qc_clear;human_review_required","aaa.batch001.sfx.ability.hokuchi.heat-bastion.resolve.v001","aaa-batch-001","ability","sound_effect","pass","outputs/audio-factory-20260730/aaa-batch-001/generated/sfx/abilities/hokuchi-heat-bastion-resolve-v001.mp3","outputs/audio-factory-20260730/aaa-batch-001/mastered/sfx/hokuchi-heat-bastion-resolve-v001.mp3","0.9","0.88","-0.02","0.122747","0.636932","0","0.000874","0.063545","","2c248da00b5991b75db385d3ac1ce019bedfe8166201e5e7fdf7df4867d30a4c","true","NOT_RUNTIME_ADMITTED","","","","","","","","","","","",""
"132","NORMAL_LISTENING_QUEUE","P1","automated_qc_clear;human_review_required","aaa.batch001.sfx.ability.hokuchi.heat-bastion.travel.v001","aaa-batch-001","ability","sound_effect","pass","outputs/audio-factory-20260730/aaa-batch-001/generated/sfx/abilities/hokuchi-heat-bastion-travel-v001.mp3","outputs/audio-factory-20260730/aaa-batch-001/mastered/sfx/hokuchi-heat-bastion-travel-v001.mp3","0.8","0.8","0","0.052206","0.89325","0","-0.000492","0.281414","","704bddb2be9a65b19ea306f039f367e528bbffbbb9c7bab8d663f94911f1d41d","true","NOT_RUNTIME_ADMITTED","","","","","","","","","","","",""
"133","NORMAL_LISTENING_QUEUE","P1","automated_qc_clear;human_review_required","aaa.batch001.sfx.ability.shirasagi.prism-step.impact.v001","aaa-batch-001","ability","sound_effect","pass","outputs/audio-factory-20260730/aaa-batch-001/generated/sfx/abilities/shirasagi-prism-step-impact-v001.mp3","outputs/audio-factory-20260730/aaa-batch-001/mastered/sfx/shirasagi-prism-step-impact-v001.mp3","0.75","0.72","-0.03","0.124274","0.987396","0","-0.00058","0.261252","","76587d85dfe5ef23d7e2773e2ddd13488bc5abcc86286d25dd0da15344cf8ffe","true","NOT_RUNTIME_ADMITTED","","","","","","","","","","","",""
"134","NORMAL_LISTENING_QUEUE","P1","automated_qc_clear;human_review_required","aaa.batch001.sfx.ability.tsuzuri.thread-bind.cast.v001","aaa-batch-001","ability","sound_effect","pass","outputs/audio-factory-20260730/aaa-batch-001/generated/sfx/abilities/tsuzuri-thread-bind-cast-v001.mp3","outputs/audio-factory-20260730/aaa-batch-001/mastered/sfx/tsuzuri-thread-bind-cast-v001.mp3","0.65","0.64","-0.01","0.047268","0.538239","0","-0.000161","0.262127","","535e3be18c670ef11d8a4f436f3ea583b6e595ca14f7478f3dc05782589f5993","true","NOT_RUNTIME_ADMITTED","","","","","","","","","","","",""
"135","NORMAL_LISTENING_QUEUE","P1","automated_qc_clear;human_review_required","aaa.batch001.sfx.ability.tsuzuri.thread-bind.impact.v001","aaa-batch-001","ability","sound_effect","pass","outputs/audio-factory-20260730/aaa-batch-001/generated/sfx/abilities/tsuzuri-thread-bind-impact-v001.mp3","outputs/audio-factory-20260730/aaa-batch-001/mastered/sfx/tsuzuri-thread-bind-impact-v001.mp3","0.75","0.72","-0.03","0.063406","0.703064","0","0.001671","0.328305","","f4f28053fc322405227dee8553f8e137510e56df9b3e9e80f7695a8e45bdee3d","true","NOT_RUNTIME_ADMITTED","","","","","","","","","","","",""
"136","NORMAL_LISTENING_QUEUE","P1","automated_qc_clear;human_review_required","aaa.batch001.sfx.ability.tsuzuri.thread-bind.travel.v001","aaa-batch-001","ability","sound_effect","pass","outputs/audio-factory-20260730/aaa-batch-001/generated/sfx/abilities/tsuzuri-thread-bind-travel-v001.mp3","outputs/audio-factory-20260730/aaa-batch-001/mastered/sfx/tsuzuri-thread-bind-travel-v001.mp3","0.8","0.8","0","0.095087","0.996338","0","-0.000457","0.189036","","6d7b76d677bf57b3633165ee08bfcf2ae730842ce222cdccd5b1d903b647b0a6","true","NOT_RUNTIME_ADMITTED","","","","","","","","","","","",""
"137","NORMAL_LISTENING_QUEUE","P1","automated_qc_clear;human_review_required","aaa.batch001.sfx.objective.capture-tick.v001","aaa-batch-001","objective","sound_effect","pass","outputs/audio-factory-20260730/aaa-batch-001/generated/sfx/objective/capture-tick-v001.mp3","outputs/audio-factory-20260730/aaa-batch-001/mastered/sfx/capture-tick-v001.mp3","0.55","0.52","-0.03","0.097081","0.932068","0","-0.000074","0.064847","","d0ff47da3b314441848278344cb75851805e8e0e28f1a5b3b36cd51764872732","true","NOT_RUNTIME_ADMITTED","","","","","","","","","","","",""
"138","NORMAL_LISTENING_QUEUE","P1","automated_qc_clear;human_review_required","aaa.batch001.sfx.objective.lead-change.v001","aaa-batch-001","objective","sound_effect","pass","outputs/audio-factory-20260730/aaa-batch-001/generated/sfx/objective/lead-change-v001.mp3","outputs/audio-factory-20260730/aaa-batch-001/mastered/sfx/lead-change-v001.mp3","0.9","0.88","-0.02","0.066671","0.984283","0","-0.000175","0.054526","","a1be7f41c5c55c4522413b0c72de7aa054ef4ee3dd6c7f135e3ad7ed826107a6","true","NOT_RUNTIME_ADMITTED","","","","","","","","","","","",""
"139","NORMAL_LISTENING_QUEUE","P1","automated_qc_clear;human_review_required","aaa.batch001.sfx.objective.transition.v001","aaa-batch-001","objective","sound_effect","pass","outputs/audio-factory-20260730/aaa-batch-001/generated/sfx/objective/transition-v001.mp3","outputs/audio-factory-20260730/aaa-batch-001/mastered/sfx/transition-v001.mp3","0.9","0.88","-0.02","0.070412","0.978912","0","-0.000028","0.031901","","87c1b290609352a1cffd89b0636591f524a77d50cce0b13af0814b392e24d71a","true","NOT_RUNTIME_ADMITTED","","","","","","","","","","","",""
"140","NORMAL_LISTENING_QUEUE","P1","automated_qc_clear;human_review_required","aaa.batch001.sfx.objective.unlock.v001","aaa-batch-001","objective","sound_effect","pass","outputs/audio-factory-20260730/aaa-batch-001/generated/sfx/objective/unlock-v001.mp3","outputs/audio-factory-20260730/aaa-batch-001/mastered/sfx/unlock-v001.mp3","0.9","0.88","-0.02","0.088647","0.913422","0","-0.006119","0.202232","","0ceca4b8679fa74be577015cd87192db05d68fb73c79077db9bc6e9a61f1e7b4","true","NOT_RUNTIME_ADMITTED","","","","","","","","","","","",""
"141","NORMAL_LISTENING_QUEUE","P1","automated_qc_clear;human_review_required","aaa.batch001.sfx.ui.cancel.v001","aaa-batch-001","ui","sound_effect","pass","outputs/audio-factory-20260730/aaa-batch-001/generated/sfx/ui/cancel-v001.mp3","outputs/audio-factory-20260730/aaa-batch-001/mastered/sfx/cancel-v001.mp3","0.5","0.48","-0.02","0.134972","0.588684","0","-0.001287","0.329192","","67eff4650f4ceea7b537fb51310ffcc13f891d3cc1ffa79f3d618ce2ec0e20bf","true","NOT_RUNTIME_ADMITTED","","","","","","","","","","","",""
"142","NORMAL_LISTENING_QUEUE","P1","automated_qc_clear;human_review_required","aaa.batch001.sfx.ui.enemy-ping.v001","aaa-batch-001","ui","sound_effect","pass","outputs/audio-factory-20260730/aaa-batch-001/generated/sfx/ui/enemy-ping-v001.mp3","outputs/audio-factory-20260730/aaa-batch-001/mastered/sfx/enemy-ping-v001.mp3","0.55","0.52","-0.03","0.093289","0.635162","0","-0.000656","0.361912","","78380a874e957ada2f6bd5157e139d44609f329b7a70a27e73f28a18ff5981c7","true","NOT_RUNTIME_ADMITTED","","","","","","","","","","","",""
"143","NORMAL_LISTENING_QUEUE","P1","automated_qc_clear;human_review_required","aaa.batch001.sfx.ui.focus.v001","aaa-batch-001","ui","sound_effect","pass","outputs/audio-factory-20260730/aaa-batch-001/generated/sfx/ui/focus-v001.mp3","outputs/audio-factory-20260730/aaa-batch-001/mastered/sfx/focus-v001.mp3","0.5","0.48","-0.02","0.055699","0.603516","0","-0.000359","0.308783","","892155eab35a07f96e913e3fa99092c2cafd4b1fd72ef60f4710d9510eeb0c75","true","NOT_RUNTIME_ADMITTED","","","","","","","","","","","",""
"144","NORMAL_LISTENING_QUEUE","P1","automated_qc_clear;human_review_required","aaa.batch001.sfx.ui.heal-received.v001","aaa-batch-001","ui","sound_effect","pass","outputs/audio-factory-20260730/aaa-batch-001/generated/sfx/ui/heal-received-v001.mp3","outputs/audio-factory-20260730/aaa-batch-001/mastered/sfx/heal-received-v001.mp3","0.65","0.64","-0.01","0.028063","0.294403","0","-0.000067","0.286433","","66bda0470f8f6af02870f8429687a2e8a83e248cc9fadda137968ca9b2465225","true","NOT_RUNTIME_ADMITTED","","","","","","","","","","","",""
"145","NORMAL_LISTENING_QUEUE","P1","automated_qc_clear;human_review_required","aaa.batch001.sfx.ui.menu-close.v001","aaa-batch-001","ui","sound_effect","pass","outputs/audio-factory-20260730/aaa-batch-001/generated/sfx/ui/menu-close-v001.mp3","outputs/audio-factory-20260730/aaa-batch-001/mastered/sfx/menu-close-v001.mp3","0.5","0.48","-0.02","0.088425","0.690552","0","0.000123","0.044314","","c3b41cd1298675a15449c6bca9d6d1083ab3c5a5b8cf49dcdb57c6f6a2290c70","true","NOT_RUNTIME_ADMITTED","","","","","","","","","","","",""
"146","NORMAL_LISTENING_QUEUE","P1","automated_qc_clear;human_review_required","aaa.batch001.sfx.ui.menu-open.v001","aaa-batch-001","ui","sound_effect","pass","outputs/audio-factory-20260730/aaa-batch-001/generated/sfx/ui/menu-open-v001.mp3","outputs/audio-factory-20260730/aaa-batch-001/mastered/sfx/menu-open-v001.mp3","0.55","0.52","-0.03","0.076872","0.55481","0","-0.000307","0.024072","","9848916e3aebe362f3ad67d0032f5a6821809760e9a831b63d61e466b2a286dc","true","NOT_RUNTIME_ADMITTED","","","","","","","","","","","",""
"147","NORMAL_LISTENING_QUEUE","P1","automated_qc_clear;human_review_required","aaa.batch001.sfx.ui.party-ready.v001","aaa-batch-001","ui","sound_effect","pass","outputs/audio-factory-20260730/aaa-batch-001/generated/sfx/ui/party-ready-v001.mp3","outputs/audio-factory-20260730/aaa-batch-001/mastered/sfx/party-ready-v001.mp3","0.6","0.6","0","0.055807","0.409576","0","0.00006","0.083828","","2dedecd30786f755aeb11996d1eaf8d1cd4d444d9b9207f710c7c96dfc1a3055","true","NOT_RUNTIME_ADMITTED","","","","","","","","","","","",""
"148","NORMAL_LISTENING_QUEUE","P1","automated_qc_clear;human_review_required","aaa.batch001.sfx.ui.scoreboard-close.v001","aaa-batch-001","ui","sound_effect","pass","outputs/audio-factory-20260730/aaa-batch-001/generated/sfx/ui/scoreboard-close-v001.mp3","outputs/audio-factory-20260730/aaa-batch-001/mastered/sfx/scoreboard-close-v001.mp3","0.5","0.48","-0.02","0.045697","0.387726","0","-0.000278","0.380829","","53f41acc0a35e455be9a135b3d4bed340871862b17bb35128d5dee8e11eae3ea","true","NOT_RUNTIME_ADMITTED","","","","","","","","","","","",""
"149","NORMAL_LISTENING_QUEUE","P1","automated_qc_clear;human_review_required","aaa.batch001.sfx.weapon.ankou.charge.v001","aaa-batch-001","weapon","sound_effect","pass","outputs/audio-factory-20260730/aaa-batch-001/generated/sfx/weapons/ankou-charge-v001.mp3","outputs/audio-factory-20260730/aaa-batch-001/mastered/sfx/ankou-charge-v001.mp3","0.8","0.8","0","0.103279","0.865234","0","-0.001484","0.115876","","2c0b45a2f25a4d3820bc12000198c541ea60394a065e70c1ecd9b720ec9c4984","true","NOT_RUNTIME_ADMITTED","","","","","","","","","","","",""
"150","NORMAL_LISTENING_QUEUE","P1","automated_qc_clear;human_review_required","aaa.batch001.sfx.weapon.ankou.dry-fire.v001","aaa-batch-001","weapon","sound_effect","pass","outputs/audio-factory-20260730/aaa-batch-001/generated/sfx/weapons/ankou-dry-fire-v001.mp3","outputs/audio-factory-20260730/aaa-batch-001/mastered/sfx/ankou-dry-fire-v001.mp3","0.5","0.48","-0.02","0.083885","0.997375","0","-0.000536","0.239146","","c9a10b6264e0b68da7c59a673f659e1fb372334bf998dd5d972da4250411567a","true","NOT_RUNTIME_ADMITTED","","","","","","","","","","","",""
"151","NORMAL_LISTENING_QUEUE","P1","automated_qc_clear;human_review_required","aaa.batch001.sfx.weapon.ankou.equip.v001","aaa-batch-001","weapon","sound_effect","pass","outputs/audio-factory-20260730/aaa-batch-001/generated/sfx/weapons/ankou-equip-v001.mp3","outputs/audio-factory-20260730/aaa-batch-001/mastered/sfx/ankou-equip-v001.mp3","0.5","0.48","-0.02","0.062787","0.701324","0","-0.014502","0.090377","","087dc842d9496f70695ba70bf7788e68326cfb8ad2701c82e7b56def7b220a1d","true","NOT_RUNTIME_ADMITTED","","","","","","","","","","","",""
"152","NORMAL_LISTENING_QUEUE","P1","automated_qc_clear;human_review_required","aaa.batch001.sfx.weapon.ankou.overheat.v001","aaa-batch-001","weapon","sound_effect","pass","outputs/audio-factory-20260730/aaa-batch-001/generated/sfx/weapons/ankou-overheat-v001.mp3","outputs/audio-factory-20260730/aaa-batch-001/mastered/sfx/ankou-overheat-v001.mp3","1","1","0","0.086065","0.931702","0","-0.003593","0.039729","","5c5a2d6dc25b8308f85adc07666fc2b916de1e50498026e0e8d288202eaecab4","true","NOT_RUNTIME_ADMITTED","","","","","","","","","","","",""
"153","NORMAL_LISTENING_QUEUE","P1","automated_qc_clear;human_review_required","aaa.batch001.sfx.weapon.ankou.primary-fire-far.v001","aaa-batch-001","weapon","sound_effect","pass","outputs/audio-factory-20260730/aaa-batch-001/generated/sfx/weapons/ankou-primary-fire-far-v001.mp3","outputs/audio-factory-20260730/aaa-batch-001/mastered/sfx/ankou-primary-fire-far-v001.mp3","0.8","0.8","0","0.031854","0.19104","0","-0.01797","0.006945","","1d4260fefc7b72132938520f9bdfe8a17851b3c7f0bc4c42b5ff7fea86530742","true","NOT_RUNTIME_ADMITTED","","","","","","","","","","","",""
"154","NORMAL_LISTENING_QUEUE","P1","automated_qc_clear;human_review_required","aaa.batch001.sfx.weapon.ankou.primary-fire-mid.v001","aaa-batch-001","weapon","sound_effect","pass","outputs/audio-factory-20260730/aaa-batch-001/generated/sfx/weapons/ankou-primary-fire-mid-v001.mp3","outputs/audio-factory-20260730/aaa-batch-001/mastered/sfx/ankou-primary-fire-mid-v001.mp3","0.7","0.680249","-0.019751","0.037895","0.541504","0","-0.000513","0.132809","","3bb07e657f907af74e0617f8aed26bdc0a595a4c112eb5bc471e08711761579a","true","NOT_RUNTIME_ADMITTED","","","","","","","","","","","",""
"155","NORMAL_LISTENING_QUEUE","P1","automated_qc_clear;human_review_required","aaa.batch001.sfx.weapon.ankou.primary-fire-near.v001","aaa-batch-001","weapon","sound_effect","pass","outputs/audio-factory-20260730/aaa-batch-001/generated/sfx/weapons/ankou-primary-fire-near-v001.mp3","outputs/audio-factory-20260730/aaa-batch-001/mastered/sfx/ankou-primary-fire-near-v001.mp3","0.55","0.52","-0.03","0.03922","0.941315","0","-0.000164","0.188348","","9e5cc2a57308ad53abc6b4c3795534355600b2f9bcabbe6eaa05853f3590e494","true","NOT_RUNTIME_ADMITTED","","","","","","","","","","","",""
"156","NORMAL_LISTENING_QUEUE","P1","automated_qc_clear;human_review_required","aaa.batch001.sfx.weapon.ankou.reload.v001","aaa-batch-001","weapon","sound_effect","pass","outputs/audio-factory-20260730/aaa-batch-001/generated/sfx/weapons/ankou-reload-v001.mp3","outputs/audio-factory-20260730/aaa-batch-001/mastered/sfx/ankou-reload-v001.mp3","1.2","1.2","0","0.067412","0.999878","0","-0.004689","0.178537","","04276a709d6c3f35823b7a3a10175721df5f69213ad7b6ea124b19e2f3d89be6","true","NOT_RUNTIME_ADMITTED","","","","","","","","","","","",""
"157","NORMAL_LISTENING_QUEUE","P1","automated_qc_clear;human_review_required","aaa.batch001.sfx.weapon.asagi.charge.v001","aaa-batch-001","weapon","sound_effect","pass","outputs/audio-factory-20260730/aaa-batch-001/generated/sfx/weapons/asagi-charge-v001.mp3","outputs/audio-factory-20260730/aaa-batch-001/mastered/sfx/asagi-charge-v001.mp3","0.8","0.8","0","0.050599","0.654755","0","-0.001001","0.173559","","3c5c226892b2a2daf12fd46de9172bd9489df0f4b4e022253f3e87009e4ef19b","true","NOT_RUNTIME_ADMITTED","","","","","","","","","","","",""
"158","NORMAL_LISTENING_QUEUE","P1","automated_qc_clear;human_review_required","aaa.batch001.sfx.weapon.asagi.dry-fire.v001","aaa-batch-001","weapon","sound_effect","pass","outputs/audio-factory-20260730/aaa-batch-001/generated/sfx/weapons/asagi-dry-fire-v001.mp3","outputs/audio-factory-20260730/aaa-batch-001/mastered/sfx/asagi-dry-fire-v001.mp3","0.5","0.48","-0.02","0.086718","0.968048","0","-0.00042","0.161478","","9c84486ae2a23171ebad910326af61fdf1717d78692422dc044ccdc9516df7a9","true","NOT_RUNTIME_ADMITTED","","","","","","","","","","","",""
"159","NORMAL_LISTENING_QUEUE","P1","automated_qc_clear;human_review_required","aaa.batch001.sfx.weapon.asagi.impact-stone.v001","aaa-batch-001","weapon","sound_effect","pass","outputs/audio-factory-20260730/aaa-batch-001/generated/sfx/weapons/asagi-impact-stone-v001.mp3","outputs/audio-factory-20260730/aaa-batch-001/mastered/sfx/asagi-impact-stone-v001.mp3","0.65","0.64","-0.01","0.096111","0.989227","0","-0.000367","0.214081","","44c389b48411b36ac7bf7437d88f6fe65c8f877612ebdb94def86f38a968b276","true","NOT_RUNTIME_ADMITTED","","","","","","","","","","","",""
"160","NORMAL_LISTENING_QUEUE","P1","automated_qc_clear;human_review_required","aaa.batch001.sfx.weapon.asagi.primary-fire-far.v001","aaa-batch-001","weapon","sound_effect","pass","outputs/audio-factory-20260730/aaa-batch-001/generated/sfx/weapons/asagi-primary-fire-far-v001.mp3","outputs/audio-factory-20260730/aaa-batch-001/mastered/sfx/asagi-primary-fire-far-v001.mp3","0.8","0.8","0","0.104025","0.995758","0","-0.000982","0.187477","","751481c97de59e312ff3d6e63372ef453daeb066d68a5a3a10581c739f2b3677","true","NOT_RUNTIME_ADMITTED","","","","","","","","","","","",""
"161","NORMAL_LISTENING_QUEUE","P1","automated_qc_clear;human_review_required","aaa.batch001.sfx.weapon.asagi.primary-fire-near.v001","aaa-batch-001","weapon","sound_effect","pass","outputs/audio-factory-20260730/aaa-batch-001/generated/sfx/weapons/asagi-primary-fire-near-v001.mp3","outputs/audio-factory-20260730/aaa-batch-001/mastered/sfx/asagi-primary-fire-near-v001.mp3","0.55","0.52","-0.03","0.058965","0.865173","0","-0.000016","0.257424","","ec90b4f9032759aa00193442d43fff47b32f9d2c44854c36aac0b66471f3e2c0","true","NOT_RUNTIME_ADMITTED","","","","","","","","","","","",""
"162","NORMAL_LISTENING_QUEUE","P1","automated_qc_clear;human_review_required","aaa.batch001.sfx.weapon.hokuchi.dry-fire.v001","aaa-batch-001","weapon","sound_effect","pass","outputs/audio-factory-20260730/aaa-batch-001/generated/sfx/weapons/hokuchi-dry-fire-v001.mp3","outputs/audio-factory-20260730/aaa-batch-001/mastered/sfx/hokuchi-dry-fire-v001.mp3","0.5","0.48","-0.02","0.037408","0.973816","0","-0.00091","0.207587","","c3db2f087dc23bb5973f561931f08becb6fc85e50e195cc401a3bb07d5623a06","true","NOT_RUNTIME_ADMITTED","","","","","","","","","","","",""
"163","NORMAL_LISTENING_QUEUE","P1","automated_qc_clear;human_review_required","aaa.batch001.sfx.weapon.shirasagi.dry-fire.v001","aaa-batch-001","weapon","sound_effect","pass","outputs/audio-factory-20260730/aaa-batch-001/generated/sfx/weapons/shirasagi-dry-fire-v001.mp3","outputs/audio-factory-20260730/aaa-batch-001/mastered/sfx/shirasagi-dry-fire-v001.mp3","0.5","0.48","-0.02","0.046674","0.5224","0","0.000034","0.296735","","f9c26d94b54874fb8eb03fe12eb50b5242190f9d9696a369aa7f1b440868419f","true","NOT_RUNTIME_ADMITTED","","","","","","","","","","","",""
"164","NORMAL_LISTENING_QUEUE","P1","automated_qc_clear;human_review_required","aaa.batch001.sfx.weapon.shirasagi.equip.v001","aaa-batch-001","weapon","sound_effect","pass","outputs/audio-factory-20260730/aaa-batch-001/generated/sfx/weapons/shirasagi-equip-v001.mp3","outputs/audio-factory-20260730/aaa-batch-001/mastered/sfx/shirasagi-equip-v001.mp3","0.5","0.48","-0.02","0.04929","0.573944","0","0.008727","0.153588","","2b80f34ced40adb12a6df921a16ea134671cd866c8b412e70e6ad4c9ff8d845d","true","NOT_RUNTIME_ADMITTED","","","","","","","","","","","",""
"165","NORMAL_LISTENING_QUEUE","P1","automated_qc_clear;human_review_required","aaa.batch001.sfx.weapon.shirasagi.impact-metal.v001","aaa-batch-001","weapon","sound_effect","pass","outputs/audio-factory-20260730/aaa-batch-001/generated/sfx/weapons/shirasagi-impact-metal-v001.mp3","outputs/audio-factory-20260730/aaa-batch-001/mastered/sfx/shirasagi-impact-metal-v001.mp3","0.65","0.64","-0.01","0.096219","0.983856","0","-0.015828","0.198845","","d39d5d54fb79eeeb5b6071a71c93c87acdb7ab046494e291ba9d09afe1d392cd","true","NOT_RUNTIME_ADMITTED","","","","","","","","","","","",""
"166","NORMAL_LISTENING_QUEUE","P1","automated_qc_clear;human_review_required","aaa.batch001.sfx.weapon.shirasagi.primary-fire-mid.v001","aaa-batch-001","weapon","sound_effect","pass","outputs/audio-factory-20260730/aaa-batch-001/generated/sfx/weapons/shirasagi-primary-fire-mid-v001.mp3","outputs/audio-factory-20260730/aaa-batch-001/mastered/sfx/shirasagi-primary-fire-mid-v001.mp3","0.7","0.680249","-0.019751","0.071061","0.486298","0","-0.000778","0.209681","","414e3752bbd1c649f31456b12bf23df81505cb5a90b91d8c346894e84a92a5b8","true","NOT_RUNTIME_ADMITTED","","","","","","","","","","","",""
"167","NORMAL_LISTENING_QUEUE","P1","automated_qc_clear;human_review_required","aaa.batch001.sfx.weapon.shirasagi.primary-fire-near.v001","aaa-batch-001","weapon","sound_effect","pass","outputs/audio-factory-20260730/aaa-batch-001/generated/sfx/weapons/shirasagi-primary-fire-near-v001.mp3","outputs/audio-factory-20260730/aaa-batch-001/mastered/sfx/shirasagi-primary-fire-near-v001.mp3","0.55","0.52","-0.03","0.054674","0.385223","0","0.000126","0.484977","","37f4e9b5347b353c07e14c7529d3e43a5b36519f9c6dc7211987672fc096101f","true","NOT_RUNTIME_ADMITTED","","","","","","","","","","","",""
"168","NORMAL_LISTENING_QUEUE","P1","automated_qc_clear;human_review_required","aaa.batch001.sfx.weapon.shirasagi.reload.v001","aaa-batch-001","weapon","sound_effect","pass","outputs/audio-factory-20260730/aaa-batch-001/generated/sfx/weapons/shirasagi-reload-v001.mp3","outputs/audio-factory-20260730/aaa-batch-001/mastered/sfx/shirasagi-reload-v001.mp3","1.2","1.2","0","0.075103","0.995544","0","-0.003663","0.164213","","4685407f405e98083c56ea80fdf7f933565066a7ee80d96ada57de39d7cc2481","true","NOT_RUNTIME_ADMITTED","","","","","","","","","","","",""
"169","NORMAL_LISTENING_QUEUE","P1","automated_qc_clear;human_review_required","aaa.pilot002.sfx.objective-capture-start.v001","aaa-pilot-002","objective","sound_effect","pass","outputs/audio-factory-20260730/aaa-pilot-002/generated/sfx/objective-capture-start-v001.mp3","outputs/audio-factory-20260730/aaa-pilot-002/mastered/sfx/objective-capture-start-v001.mp3","1.4","1.36","-0.04","0.077654","0.655609","0","-0.000311","0.268312","","5621ee0124c5af29ec0923779aefe813902b13add73b583070c5f6053e399183","true","NOT_RUNTIME_ADMITTED","","","","","","","","","","","",""
"170","NORMAL_LISTENING_QUEUE","P1","automated_qc_clear;human_review_required","aaa.pilot002.sfx.objective-contested.v001","aaa-pilot-002","objective","sound_effect","pass","outputs/audio-factory-20260730/aaa-pilot-002/generated/sfx/objective-contested-v001.mp3","outputs/audio-factory-20260730/aaa-pilot-002/mastered/sfx/objective-contested-v001.mp3","1.2","1.2","0","0.106714","0.662903","0","-0.000307","0.019237","","722b8330de11821ca4d5cce4192e74d9644859b95f7d1eab088353304577399a","true","NOT_RUNTIME_ADMITTED","","","","","","","","","","","",""
"171","NORMAL_LISTENING_QUEUE","P1","automated_qc_clear;human_review_required","aaa.pilot002.sfx.objective-transition.v001","aaa-pilot-002","objective","sound_effect","pass","outputs/audio-factory-20260730/aaa-pilot-002/generated/sfx/objective-transition-v001.mp3","outputs/audio-factory-20260730/aaa-pilot-002/mastered/sfx/objective-transition-v001.mp3","1","1","0","0.076519","0.989563","0","-0.000175","0.034876","","c2465bfdbfa4a2d207a5aeb473944744fa986c63b9786d04e3d6d0c9f007f887","true","NOT_RUNTIME_ADMITTED","","","","","","","","","","","",""
"172","NORMAL_LISTENING_QUEUE","P1","automated_qc_clear;human_review_required","aaa.pilot002.sfx.ui-cancel.v001","aaa-pilot-002","ui","sound_effect","pass","outputs/audio-factory-20260730/aaa-pilot-002/generated/sfx/ui-cancel-v001.mp3","outputs/audio-factory-20260730/aaa-pilot-002/mastered/sfx/ui-cancel-v001.mp3","0.5","0.48","-0.02","0.142653","0.980896","0","-0.002448","0.025228","","508c1963a85c336e94d8fda4d24791d34e3ac30405f8997e1ca43e1c7785f085","true","NOT_RUNTIME_ADMITTED","","","","","","","","","","","",""
"173","NORMAL_LISTENING_QUEUE","P1","automated_qc_clear;human_review_required","aaa.pilot002.sfx.ui-damage-taken.v001","aaa-pilot-002","ui","sound_effect","pass","outputs/audio-factory-20260730/aaa-pilot-002/generated/sfx/ui-damage-taken-v001.mp3","outputs/audio-factory-20260730/aaa-pilot-002/mastered/sfx/ui-damage-taken-v001.mp3","0.5","0.48","-0.02","0.119279","0.836792","0","-0.000872","0.003213","","e67b0d11be31d21bc144bb29df386cb23b8599aada301161bc53a895b1fa6d8b","true","NOT_RUNTIME_ADMITTED","","","","","","","","","","","",""
"174","NORMAL_LISTENING_QUEUE","P1","automated_qc_clear;human_review_required","aaa.pilot002.sfx.ui-hit-confirm.v001","aaa-pilot-002","ui","sound_effect","pass","outputs/audio-factory-20260730/aaa-pilot-002/generated/sfx/ui-hit-confirm-v001.mp3","outputs/audio-factory-20260730/aaa-pilot-002/mastered/sfx/ui-hit-confirm-v001.mp3","0.5","0.48","-0.02","0.042538","0.367676","0","-0.000005","0.185525","","344765e5dc6c6bd276dab4063454e2c4165f97d6a423bf8b63e9ae80385d400a","true","NOT_RUNTIME_ADMITTED","","","","","","","","","","","",""
"175","NORMAL_LISTENING_QUEUE","P1","automated_qc_clear;human_review_required","aaa.wave001.music.central-plaza.v001","aaa-wave-001","music","music","pass","outputs/audio-factory-20260729/aaa-wave-001/generated/music/central-plaza-v001.mp3","outputs/audio-factory-20260729/aaa-wave-001/mastered/music/central-plaza-v001.mp3","24","24.024014","0.024014","0.125174","0.732391","0","-0.000012","0.03526","","47237ff4c4f9fe279a4c5cc9c7d47f9cfb37ba6efded3efe0a61b7fc75dfbb1b","true","NOT_RUNTIME_ADMITTED","","","","","","","","","","","",""
"176","NORMAL_LISTENING_QUEUE","P1","automated_qc_clear;human_review_required","aaa.wave001.music.controlpoint-team0-push.v001","aaa-wave-001","music","music","pass","outputs/audio-factory-20260729/aaa-wave-001/generated/music/controlpoint-team0-push-v001.mp3","outputs/audio-factory-20260729/aaa-wave-001/mastered/music/controlpoint-team0-push-v001.mp3","24","24.024014","0.024014","0.062344","0.833832","0","-0.000006","0.046394","","7716486753717187bbd3385f72c7eb4c34aa1fb52b53b58f5654f8bd6426f787","true","NOT_RUNTIME_ADMITTED","","","","","","","","","","","",""
"177","NORMAL_LISTENING_QUEUE","P1","automated_qc_clear;human_review_required","aaa.wave001.music.flashpoint-transition.v001","aaa-wave-001","music","music","pass","outputs/audio-factory-20260729/aaa-wave-001/generated/music/flashpoint-transition-v001.mp3","outputs/audio-factory-20260729/aaa-wave-001/mastered/music/flashpoint-transition-v001.mp3","18","18.024014","0.024014","0.105352","0.914856","0","0.000048","0.021762","","b0baa4fb45648dd237cf791105f772c3cbf2568cb6d238c86dce0b71d1f72fe6","true","NOT_RUNTIME_ADMITTED","","","","","","","","","","","",""
"178","NORMAL_LISTENING_QUEUE","P1","automated_qc_clear;human_review_required","aaa.wave001.music.north-lantern-rooftops.v001","aaa-wave-001","music","music","pass","outputs/audio-factory-20260729/aaa-wave-001/generated/music/north-lantern-rooftops-v001.mp3","outputs/audio-factory-20260729/aaa-wave-001/mastered/music/north-lantern-rooftops-v001.mp3","24","24.024014","0.024014","0.059134","0.697937","0","0.000002","0.0373","","ab21c3f2f8bad023569786bb114fd1613bea235c717734a959cb827b29545138","true","NOT_RUNTIME_ADMITTED","","","","","","","","","","","",""
"179","NORMAL_LISTENING_QUEUE","P1","automated_qc_clear;human_review_required","aaa.wave001.music.oshioi-main-menu.v001","aaa-wave-001","music","music","pass","outputs/audio-factory-20260729/aaa-wave-001/generated/music/oshioi-main-menu-v001.mp3","outputs/audio-factory-20260729/aaa-wave-001/mastered/music/oshioi-main-menu-v001.mp3","24","24.024014","0.024014","0.044437","0.479156","0","0.000027","0.025375","","74fbed50f3cb0a0be8052a39cfb02399d379e8c59e5d0a6514bf640fbe2e2836","true","NOT_RUNTIME_ADMITTED","","","","","","","","","","","",""
"180","NORMAL_LISTENING_QUEUE","P1","automated_qc_clear;human_review_required","aaa.wave001.music.south-docks.v001","aaa-wave-001","music","music","pass","outputs/audio-factory-20260729/aaa-wave-001/generated/music/south-docks-v001.mp3","outputs/audio-factory-20260729/aaa-wave-001/mastered/music/south-docks-v001.mp3","24","24.024014","0.024014","0.100331","0.852539","0","-0.000189","0.011823","","b1ed9b82d3991e32fcb98cf79a6c5779c6222ce140572f00d43fe0bb818ba655","true","NOT_RUNTIME_ADMITTED","","","","","","","","","","","",""
"181","NORMAL_LISTENING_QUEUE","P1","automated_qc_clear;human_review_required","aaa.wave001.music.sudden-death.v001","aaa-wave-001","music","music","pass","outputs/audio-factory-20260729/aaa-wave-001/generated/music/sudden-death-v001.mp3","outputs/audio-factory-20260729/aaa-wave-001/mastered/music/sudden-death-v001.mp3","20","20.04","0.04","0.056508","0.674561","0","0.000054","0.022764","","54578966e3ac38cb647a0319f72c342a7ac2ba5e67aa2fd50de1c8531116a3e0","true","NOT_RUNTIME_ADMITTED","","","","","","","","","","","",""
"182","NORMAL_LISTENING_QUEUE","P1","automated_qc_clear;human_review_required","aaa.wave001.music.victory-team0.v001","aaa-wave-001","music","music","pass","outputs/audio-factory-20260729/aaa-wave-001/generated/music/victory-team0-v001.mp3","outputs/audio-factory-20260729/aaa-wave-001/mastered/music/victory-team0-v001.mp3","16","16.032018","0.032018","0.097394","0.788849","0","-0.000221","0.034984","","a19c6353daa373a8a34ae79949b02eb0006e02279c7ef35cfddc93f7555d0989","true","NOT_RUNTIME_ADMITTED","","","","","","","","","","","",""
"183","NORMAL_LISTENING_QUEUE","P1","automated_qc_clear;human_review_required","aaa.wave001.voice.ja-ops-ally-down.v001","aaa-wave-001","text_to_speech","text_to_speech","pass","outputs/audio-factory-20260729/aaa-wave-001/generated/voices/ja-ops-ally-down-v001.mp3","outputs/audio-factory-20260729/aaa-wave-001/mastered-voices/voices/ja-ops-ally-down-v001.mp3","","2.832834","","0.074825","0.718048","0","-0.00002","0.08541","","d502a37445011cef38498c655fa7d1a2da14bc8fdcf9b0dec13ae31606bb908f","true","NOT_RUNTIME_ADMITTED","","","","","","","","","","","",""
"184","NORMAL_LISTENING_QUEUE","P1","automated_qc_clear;human_review_required","aaa.wave001.voice.ja-ops-capture-begin.v001","aaa-wave-001","text_to_speech","text_to_speech","pass","outputs/audio-factory-20260729/aaa-wave-001/generated/voices/ja-ops-capture-begin-v001.mp3","outputs/audio-factory-20260729/aaa-wave-001/mastered-voices/voices/ja-ops-capture-begin-v001.mp3","","2.229116","","0.068078","0.633514","0","-0.000014","0.130647","","05dd98a08a0ca4a185b4260346acaeb6730f14866c726df22d142c70ea35f966","true","NOT_RUNTIME_ADMITTED","","","","","","","","","","","",""
"185","NORMAL_LISTENING_QUEUE","P1","automated_qc_clear;human_review_required","aaa.wave001.voice.ja-ops-capture-contested.v001","aaa-wave-001","text_to_speech","text_to_speech","pass","outputs/audio-factory-20260729/aaa-wave-001/generated/voices/ja-ops-capture-contested-v001.mp3","outputs/audio-factory-20260729/aaa-wave-001/mastered-voices/voices/ja-ops-capture-contested-v001.mp3","","2.275556","","0.069891","0.664764","0","-0.00001","0.110412","","fe06acf0a1844121256b485b4ec80c2a7e84373a9fe0de0f20f2b37281868e59","true","NOT_RUNTIME_ADMITTED","","","","","","","","","","","",""
"186","NORMAL_LISTENING_QUEUE","P1","automated_qc_clear;human_review_required","aaa.wave001.voice.ja-ops-capture-lost.v001","aaa-wave-001","text_to_speech","text_to_speech","pass","outputs/audio-factory-20260729/aaa-wave-001/generated/voices/ja-ops-capture-lost-v001.mp3","outputs/audio-factory-20260729/aaa-wave-001/mastered-voices/voices/ja-ops-capture-lost-v001.mp3","","1.718277","","0.070969","0.646973","0","-0.000006","0.082719","","4bd5c2995ce0fa0b52bf3f3047f95b616503d8116bba08f97c120cfcee54b7be","true","NOT_RUNTIME_ADMITTED","","","","","","","","","","","",""
"187","NORMAL_LISTENING_QUEUE","P1","automated_qc_clear;human_review_required","aaa.wave001.voice.ja-ops-capture-progress.v001","aaa-wave-001","text_to_speech","text_to_speech","pass","outputs/audio-factory-20260729/aaa-wave-001/generated/voices/ja-ops-capture-progress-v001.mp3","outputs/audio-factory-20260729/aaa-wave-001/mastered-voices/voices/ja-ops-capture-progress-v001.mp3","","2.368435","","0.070323","0.582275","0","-0.000027","0.106676","","ba8532d7616b87060c33f44ce4e4cea490c3d15b2d89f2130e6f54a044d7f126","true","NOT_RUNTIME_ADMITTED","","","","","","","","","","","",""
"188","NORMAL_LISTENING_QUEUE","P1","automated_qc_clear;human_review_required","aaa.wave001.voice.ja-ops-capture-secured.v001","aaa-wave-001","text_to_speech","text_to_speech","pass","outputs/audio-factory-20260729/aaa-wave-001/generated/voices/ja-ops-capture-secured-v001.mp3","outputs/audio-factory-20260729/aaa-wave-001/mastered-voices/voices/ja-ops-capture-secured-v001.mp3","","1.718277","","0.067187","0.595367","0","-0.000004","0.116833","","bbc7c31ae9eccaac3e3fcd96846412557f9e59c89040031dea9b0f84cb3948f0","true","NOT_RUNTIME_ADMITTED","","","","","","","","","","","",""
"189","NORMAL_LISTENING_QUEUE","P1","automated_qc_clear;human_review_required","aaa.wave001.voice.ja-ops-defeat.v001","aaa-wave-001","text_to_speech","text_to_speech","pass","outputs/audio-factory-20260729/aaa-wave-001/generated/voices/ja-ops-defeat-v001.mp3","outputs/audio-factory-20260729/aaa-wave-001/mastered-voices/voices/ja-ops-defeat-v001.mp3","","3.250794","","0.075945","0.521362","0","-0.000008","0.091825","","a92af39c42a59022fccb213e407d8e90874ce1a5e2203ea31d4760979f5c1321","true","NOT_RUNTIME_ADMITTED","","","","","","","","","","","",""
"190","NORMAL_LISTENING_QUEUE","P1","automated_qc_clear;human_review_required","aaa.wave001.voice.ja-ops-match-start.v001","aaa-wave-001","text_to_speech","text_to_speech","pass","outputs/audio-factory-20260729/aaa-wave-001/generated/voices/ja-ops-match-start-v001.mp3","outputs/audio-factory-20260729/aaa-wave-001/mastered-voices/voices/ja-ops-match-start-v001.mp3","","1.625397","","0.069072","0.54834","0","-0.000015","0.145036","","4765147815b425b446d9d3ea875b502617065761a735b9ebec7602faa9e1ab68","true","NOT_RUNTIME_ADMITTED","","","","","","","","","","","",""
"191","NORMAL_LISTENING_QUEUE","P1","automated_qc_clear;human_review_required","aaa.wave001.voice.ja-ops-one-minute.v001","aaa-wave-001","text_to_speech","text_to_speech","pass","outputs/audio-factory-20260729/aaa-wave-001/generated/voices/ja-ops-one-minute-v001.mp3","outputs/audio-factory-20260729/aaa-wave-001/mastered-voices/voices/ja-ops-one-minute-v001.mp3","","1.486077","","0.058545","0.459259","0","-0.000022","0.106767","","314f89d6de6898f0b92799dbb30a6503f5479cdda2666c55c00abdff84882578","true","NOT_RUNTIME_ADMITTED","","","","","","","","","","","",""
"192","NORMAL_LISTENING_QUEUE","P1","automated_qc_clear;human_review_required","aaa.wave001.voice.ja-ops-overtime.v001","aaa-wave-001","text_to_speech","text_to_speech","pass","outputs/audio-factory-20260729/aaa-wave-001/generated/voices/ja-ops-overtime-v001.mp3","outputs/audio-factory-20260729/aaa-wave-001/mastered-voices/voices/ja-ops-overtime-v001.mp3","","3.390113","","0.069429","0.623016","0","-0.000018","0.102419","","f03342cc74d3eb9e6a10e3b9ab6c803c0d7a5ced3fbe859c9c14ad8045f90cdc","true","NOT_RUNTIME_ADMITTED","","","","","","","","","","","",""
"193","NORMAL_LISTENING_QUEUE","P1","automated_qc_clear;human_review_required","aaa.wave001.voice.ja-ops-reach-objective.v001","aaa-wave-001","text_to_speech","text_to_speech","pass","outputs/audio-factory-20260729/aaa-wave-001/generated/voices/ja-ops-reach-objective-v001.mp3","outputs/audio-factory-20260729/aaa-wave-001/mastered-voices/voices/ja-ops-reach-objective-v001.mp3","","2.461315","","0.072881","0.460358","0","-0.000012","0.089964","","9ec5d8455280271b580759afb746f2d1576a27c2dde18d416115f78a1bcb709a","true","NOT_RUNTIME_ADMITTED","","","","","","","","","","","",""
"194","NORMAL_LISTENING_QUEUE","P1","automated_qc_clear;human_review_required","aaa.wave001.voice.ja-ops-regroup.v001","aaa-wave-001","text_to_speech","text_to_speech","pass","outputs/audio-factory-20260729/aaa-wave-001/generated/voices/ja-ops-regroup-v001.mp3","outputs/audio-factory-20260729/aaa-wave-001/mastered-voices/voices/ja-ops-regroup-v001.mp3","","3.575873","","0.071282","0.576416","0","-0.000009","0.095044","","1f4acfd907bf80345d78021c733e6452018ce070264677acff4bcd77be0343f8","true","NOT_RUNTIME_ADMITTED","","","","","","","","","","","",""
"195","NORMAL_LISTENING_QUEUE","P1","automated_qc_clear;human_review_required","aaa.wave001.voice.ja-ops-rematch-ready.v001","aaa-wave-001","text_to_speech","text_to_speech","pass","outputs/audio-factory-20260729/aaa-wave-001/generated/voices/ja-ops-rematch-ready-v001.mp3","outputs/audio-factory-20260729/aaa-wave-001/mastered-voices/voices/ja-ops-rematch-ready-v001.mp3","","3.018594","","0.070303","0.544586","0","-0.00002","0.117654","","e6e910335812490a49f8f18231a0ebca11a8cef5e8e2950b97db2d888e620ac1","true","NOT_RUNTIME_ADMITTED","","","","","","","","","","","",""
"196","NORMAL_LISTENING_QUEUE","P1","automated_qc_clear;human_review_required","aaa.wave001.voice.ja-ops-rotation-open.v001","aaa-wave-001","text_to_speech","text_to_speech","pass","outputs/audio-factory-20260729/aaa-wave-001/generated/voices/ja-ops-rotation-open-v001.mp3","outputs/audio-factory-20260729/aaa-wave-001/mastered-voices/voices/ja-ops-rotation-open-v001.mp3","","2.414875","","0.065972","0.643982","0","-0.000009","0.103535","","39a1e0111a6bfb9df656a2066ce249e5c706ba7264148dab1719a7cad6cdc58d","true","NOT_RUNTIME_ADMITTED","","","","","","","","","","","",""
"197","NORMAL_LISTENING_QUEUE","P1","automated_qc_clear;human_review_required","aaa.wave001.voice.ja-ops-rotation-warning.v001","aaa-wave-001","text_to_speech","text_to_speech","pass","outputs/audio-factory-20260729/aaa-wave-001/generated/voices/ja-ops-rotation-warning-v001.mp3","outputs/audio-factory-20260729/aaa-wave-001/mastered-voices/voices/ja-ops-rotation-warning-v001.mp3","","2.368435","","0.07872","0.51886","0","-0.000016","0.081879","","c3101409e534363db15afe52ee6a266eef4311c425e4914c6b645680f9cbeeb8","true","NOT_RUNTIME_ADMITTED","","","","","","","","","","","",""
"198","NORMAL_LISTENING_QUEUE","P1","automated_qc_clear;human_review_required","aaa.wave001.voice.ja-ops-sudden-death.v001","aaa-wave-001","text_to_speech","text_to_speech","pass","outputs/audio-factory-20260729/aaa-wave-001/generated/voices/ja-ops-sudden-death-v001.mp3","outputs/audio-factory-20260729/aaa-wave-001/mastered-voices/voices/ja-ops-sudden-death-v001.mp3","","3.111474","","0.068114","0.635254","0","-0.000025","0.122283","","37c5d5d4514f24a814e4d6ae9df1c6b4a21c1d4987f77c49f157ca2bc8475418","true","NOT_RUNTIME_ADMITTED","","","","","","","","","","","",""
"199","NORMAL_LISTENING_QUEUE","P1","automated_qc_clear;human_review_required","aaa.wave001.voice.ja-ops-team-advantage.v001","aaa-wave-001","text_to_speech","text_to_speech","pass","outputs/audio-factory-20260729/aaa-wave-001/generated/voices/ja-ops-team-advantage-v001.mp3","outputs/audio-factory-20260729/aaa-wave-001/mastered-voices/voices/ja-ops-team-advantage-v001.mp3","","2.136236","","0.073494","0.573151","0","-0.000013","0.078009","","334d34e16e32ba14e66a97eb4875ca7946b1eae8e7d650e9f184e516c713a202","true","NOT_RUNTIME_ADMITTED","","","","","","","","","","","",""
"200","NORMAL_LISTENING_QUEUE","P1","automated_qc_clear;human_review_required","aaa.wave001.voice.ja-ops-ten-seconds.v001","aaa-wave-001","text_to_speech","text_to_speech","pass","outputs/audio-factory-20260729/aaa-wave-001/generated/voices/ja-ops-ten-seconds-v001.mp3","outputs/audio-factory-20260729/aaa-wave-001/mastered-voices/voices/ja-ops-ten-seconds-v001.mp3","","1.532517","","0.063552","0.469666","0","-0.000016","0.14258","","6cbe94e5125fc632d54caaad771ee34dbd8e75d6f8be6b0ff0a2f7eb50ee7fc7","true","NOT_RUNTIME_ADMITTED","","","","","","","","","","","",""
"201","NORMAL_LISTENING_QUEUE","P1","automated_qc_clear;human_review_required","aaa.wave001.voice.ja-ops-thirty-seconds.v001","aaa-wave-001","text_to_speech","text_to_speech","pass","outputs/audio-factory-20260729/aaa-wave-001/generated/voices/ja-ops-thirty-seconds-v001.mp3","outputs/audio-factory-20260729/aaa-wave-001/mastered-voices/voices/ja-ops-thirty-seconds-v001.mp3","","1.532517","","0.06494","0.510437","0","-0.000018","0.125949","","56c5349dd00ef66f3ef43a7e4ff3263cc54d09332a1464ebdcd25e0419ccdcbe","true","NOT_RUNTIME_ADMITTED","","","","","","","","","","","",""
"202","NORMAL_LISTENING_QUEUE","P1","automated_qc_clear;human_review_required","aaa.wave001.voice.ja-ops-victory.v001","aaa-wave-001","text_to_speech","text_to_speech","pass","outputs/audio-factory-20260729/aaa-wave-001/generated/voices/ja-ops-victory-v001.mp3","outputs/audio-factory-20260729/aaa-wave-001/mastered-voices/voices/ja-ops-victory-v001.mp3","","2.647075","","0.067185","0.570007","0","-0.000021","0.130055","","4dc963b75a2856f0b70adea10b3a1ee540035c3fbaf080b37dd08091ec5b63cb","true","NOT_RUNTIME_ADMITTED","","","","","","","","","","","",""
"203","NORMAL_LISTENING_QUEUE","P1","automated_qc_clear;human_review_required","byakuyatai","legacy-sfx-090","ability","ability","pass","assets-src/elevenlabs/raw/ability/byakuyatai-v1.mp3","","2.8","2.76","-0.04","0.177905","0.985901","0","0.009629","0.012045","","8f57e47ee862075d93cb45eb2ca82f8a1da3844e9f5cd1daae3e1a9418717329","true","NOT_RUNTIME_ADMITTED","","","","","","","","","","","",""
"204","NORMAL_LISTENING_QUEUE","P1","automated_qc_clear;human_review_required","daichukomi","legacy-sfx-090","ability","ability","pass","assets-src/elevenlabs/raw/ability/daichukomi-v1.mp3","","2.8","2.76","-0.04","0.309483","0.962128","0","0.000227","0.004765","","5c1d4047fd317abf72923fd5f9f75345abea4b15c17f5ad45ef4da0c763283ff","true","NOT_RUNTIME_ADMITTED","","","","","","","","","","","",""
"205","NORMAL_LISTENING_QUEUE","P1","automated_qc_clear;human_review_required","daiukenoootsuru","legacy-sfx-090","ability","ability","pass","assets-src/elevenlabs/raw/ability/daiukenoootsuru-v1.mp3","","2.8","2.76","-0.04","0.0775","0.562256","0","0.000022","0.08883","","b053574c17c1a503d396c82a00ec3d2674ce0c3dba21de66abe9647384ab4443","true","NOT_RUNTIME_ADMITTED","","","","","","","","","","","",""
"206","NORMAL_LISTENING_QUEUE","P1","automated_qc_clear;human_review_required","fukitoru","legacy-sfx-090","ability","ability","pass","assets-src/elevenlabs/raw/ability/fukitoru-v1.mp3","","1.6","1.6","0","0.061285","0.771667","0","0.00011","0.078856","","a59adcac3339ccd0464d36e9a4fd29b249c5da17cb248a88fbb0f9e0f9fdce38","true","NOT_RUNTIME_ADMITTED","","","","","","","","","","","",""
"207","NORMAL_LISTENING_QUEUE","P1","automated_qc_clear;human_review_required","hakuyoku","legacy-sfx-090","ability","ability","pass","assets-src/elevenlabs/raw/ability/hakuyoku-v1.mp3","","1.6","1.6","0","0.053813","0.976837","0","0.000431","0.090846","","57a282b96d26e3f7db32512fd8f7af086e94ffab1fe6208f623902361106f181","true","NOT_RUNTIME_ADMITTED","","","","","","","","","","","",""
"208","NORMAL_LISTENING_QUEUE","P1","automated_qc_clear;human_review_required","hayamawashi","legacy-sfx-090","ability","ability","pass","assets-src/elevenlabs/raw/ability/hayamawashi-v1.mp3","","1.6","1.6","0","0.042918","0.500336","0","0.00002","0.050738","","ce08e56e8114eb7ad014121e0bded8171054bd83084ef0312a52c77fd88933cd","true","NOT_RUNTIME_ADMITTED","","","","","","","","","","","",""
"209","NORMAL_LISTENING_QUEUE","P1","automated_qc_clear;human_review_required","henkoya","legacy-sfx-090","ability","ability","pass","assets-src/elevenlabs/raw/ability/henkoya-v1.mp3","","1.6","1.6","0","0.039283","0.980927","0","0.000263","0.080868","","e3eb76952788662f1f6ed2bcdb948e6a35eb97b619049f5c8b9062b7f2725b90","true","NOT_RUNTIME_ADMITTED","","","","","","","","","","","",""
"210","NORMAL_LISTENING_QUEUE","P1","automated_qc_clear;human_review_required","hibana","legacy-sfx-090","ability","ability","pass","assets-src/elevenlabs/raw/ability/hibana-v1.mp3","","1.6","1.6","0","0.07769","0.641846","0","0.000021","0.138324","","5b89a70944534a9366d7e7e77f7b94f93e296e0481194c4b5d5ef076846742c0","true","NOT_RUNTIME_ADMITTED","","","","","","","","","","","",""
"211","NORMAL_LISTENING_QUEUE","P1","automated_qc_clear;human_review_required","hokuchi_scattergun","legacy-sfx-090","weapon","weapon","pass","assets-src/elevenlabs/raw/weapon/hokuchi_scattergun-v1.mp3","","1.2","1.2","0","0.098779","0.733337","0","0.00114","0.01884","","093ae3c0df161d750c6a7490dcf1184444e2acd7dd0e58fb7f3bbdbdae6714b0","true","NOT_RUNTIME_ADMITTED","","","","","","","","","","","",""
"212","NORMAL_LISTENING_QUEUE","P1","automated_qc_clear;human_review_required","katsugu","legacy-sfx-090","ability","ability","pass","assets-src/elevenlabs/raw/ability/katsugu-v1.mp3","","1.6","1.6","0","0.06015","0.998108","0","-0.000074","0.103403","","05fd9a9452edaca7c9f638f3f1cab35796bed9be5d60143a963df5e8ad07efad","true","NOT_RUNTIME_ADMITTED","","","","","","","","","","","",""
"213","NORMAL_LISTENING_QUEUE","P1","automated_qc_clear;human_review_required","kazura_vine_beam","legacy-sfx-090","weapon","weapon","pass","assets-src/elevenlabs/raw/weapon/kazura_vine_beam-v1.mp3","","0.8","0.8","0","0.068042","0.533112","0","-0.002978","0.069078","","ce1d51363e9d2d88e496e2a1b646aa5adaae6a51667ae5bba7f588bbae1d0fe8","true","NOT_RUNTIME_ADMITTED","","","","","","","","","","","",""
"214","NORMAL_LISTENING_QUEUE","P1","automated_qc_clear;human_review_required","koyomi_incense_burner","legacy-sfx-090","weapon","weapon","pass","assets-src/elevenlabs/raw/weapon/koyomi_incense_burner-v1.mp3","","1.2","1.2","0","0.051545","0.602448","0","-0.000019","0.072394","","5a695b8ea0dcdaed43fd3a6bf96cbaca500fc2c370955e23aa52613bcf0f3f79","true","NOT_RUNTIME_ADMITTED","","","","","","","","","","","",""
"215","NORMAL_LISTENING_QUEUE","P1","automated_qc_clear;human_review_required","makimodoshi","legacy-sfx-090","ability","ability","pass","assets-src/elevenlabs/raw/ability/makimodoshi-v1.mp3","","1.6","1.6","0","0.143298","0.795563","0","0.000214","0.129211","","22983362395b5574377f563fe2946cad7fa77838ab7c37687e6ae33974219f04","true","NOT_RUNTIME_ADMITTED","","","","","","","","","","","",""
"216","NORMAL_LISTENING_QUEUE","P1","automated_qc_clear;human_review_required","muretsubame","legacy-sfx-090","ability","ability","pass","assets-src/elevenlabs/raw/ability/muretsubame-v1.mp3","","2.8","2.76","-0.04","0.174975","0.880646","0","0.002826","0.008446","","d23e460457a2ab28b292581ff665151c4fd01f2e12090322a788150570893e2f","true","NOT_RUNTIME_ADMITTED","","","","","","","","","","","",""
"217","NORMAL_LISTENING_QUEUE","P1","automated_qc_clear;human_review_required","oohimatsuri","legacy-sfx-090","ability","ability","pass","assets-src/elevenlabs/raw/ability/oohimatsuri-v1.mp3","","2.8","2.76","-0.04","0.154612","0.910187","0","-0.000536","0.006786","","20c4f328ea23cd0fdce23eb50d19179d114692bf9b00cba1bc083028bbcd96a2","true","NOT_RUNTIME_ADMITTED","","","","","","","","","","","",""
"218","NORMAL_LISTENING_QUEUE","P1","automated_qc_clear;human_review_required","rouke","legacy-sfx-090","ability","ability","pass","assets-src/elevenlabs/raw/ability/rouke-v1.mp3","","1.6","1.6","0","0.045112","0.970398","0","-0.000048","0.097535","","f4d3a85247d6612a1737d4900a210a92609cfe3162f4716fb48405f53ff68a1f","true","NOT_RUNTIME_ADMITTED","","","","","","","","","","","",""
"219","NORMAL_LISTENING_QUEUE","P1","automated_qc_clear;human_review_required","sando","legacy-sfx-090","ability","ability","pass","assets-src/elevenlabs/raw/ability/sando-v1.mp3","","2.8","2.76","-0.04","0.106623","0.833405","0","0.001036","0.009621","","bfaf52ea92e043e2a364d1f66a6061f3bd06feff7be3a918420c1c57abde4971","true","NOT_RUNTIME_ADMITTED","","","","","","","","","","","",""
"220","NORMAL_LISTENING_QUEUE","P1","automated_qc_clear;human_review_required","sarashibi","legacy-sfx-090","ability","ability","pass","assets-src/elevenlabs/raw/ability/sarashibi-v1.mp3","","2.8","2.76","-0.04","0.18585","0.947693","0","0.000322","0.005192","","f1b54e138f8a1bf184d7d3d13fe36481be1576784c293081449d861ed0b3f6be","true","NOT_RUNTIME_ADMITTED","","","","","","","","","","","",""
"221","NORMAL_LISTENING_QUEUE","P1","automated_qc_clear;human_review_required","sasou","legacy-sfx-090","ability","ability","pass","assets-src/elevenlabs/raw/ability/sasou-v1.mp3","","1.6","1.6","0","0.02879","0.794464","0","0.000471","0.059383","","dffb2472e9bf1333aced77d1c926b13f52f9432b9d3756d464c1419d6ef8ee8e","true","NOT_RUNTIME_ADMITTED","","","","","","","","","","","",""
"222","NORMAL_LISTENING_QUEUE","P1","automated_qc_clear;human_review_required","sedora_pile_driver","legacy-sfx-090","weapon","weapon","pass","assets-src/elevenlabs/raw/weapon/sedora_pile_driver-v1.mp3","","1.2","1.2","0","0.088043","0.779175","0","-0.001672","0.046146","","fd5c2a39c0a02375b178f8f02002dcaee65e88ec0e9c2cfd670d69934337c694","true","NOT_RUNTIME_ADMITTED","","","","","","","","","","","",""
"223","NORMAL_LISTENING_QUEUE","P1","automated_qc_clear;human_review_required","senbari","legacy-sfx-090","ability","ability","pass","assets-src/elevenlabs/raw/ability/senbari-v1.mp3","","2.8","2.76","-0.04","0.175946","0.893646","0","-0.000082","0.051004","","b65952dd7b2c9766f9c9c1ecf0c502c4108363dfa351eae0b049e4714b517ea4","true","NOT_RUNTIME_ADMITTED","","","","","","","","","","","",""
"224","NORMAL_LISTENING_QUEUE","P1","automated_qc_clear;human_review_required","senbonkasa","legacy-sfx-090","ability","ability","pass","assets-src/elevenlabs/raw/ability/senbonkasa-v1.mp3","","2.8","2.76","-0.04","0.053162","0.988647","0","-0.000072","0.040554","","2c97f9ac2360311a5b92e8b2d454c1cabf9307916aeabb0884de5a32d7a2eac1","true","NOT_RUNTIME_ADMITTED","","","","","","","","","","","",""
"225","NORMAL_LISTENING_QUEUE","P1","automated_qc_clear;human_review_required","shinkainogyoretsu","legacy-sfx-090","ability","ability","pass","assets-src/elevenlabs/raw/ability/shinkainogyoretsu-v1.mp3","","2.8","2.76","-0.04","0.051088","0.271759","0","-0.000028","0.008791","","156ec766571dea9e804d61c48a86057c84fea823b282e99628bc6e6cb4916c0d","true","NOT_RUNTIME_ADMITTED","","","","","","","","","","","",""
"226","NORMAL_LISTENING_QUEUE","P1","automated_qc_clear;human_review_required","shirabe_string_beam","legacy-sfx-090","weapon","weapon","pass","assets-src/elevenlabs/raw/weapon/shirabe_string_beam-v1.mp3","","0.8","0.8","0","0.057407","0.525635","0","0.000596","0.132373","","5e0bab572b4eeeea53bc23ffc2ebcb213830d59c49bb70906359881ad7f0e617","true","NOT_RUNTIME_ADMITTED","","","","","","","","","","","",""
"227","NORMAL_LISTENING_QUEUE","P1","automated_qc_clear;human_review_required","shirasagi_crystal_rifle","legacy-sfx-090","weapon","weapon","pass","assets-src/elevenlabs/raw/weapon/shirasagi_crystal_rifle-v1.mp3","","1.2","1.2","0","0.085361","0.874054","0","-0.000044","0.096638","","75e309c14732fb216449487dbf3e2797aeac0538ae18d215eb608e0532ec21ff","true","NOT_RUNTIME_ADMITTED","","","","","","","","","","","",""
"228","NORMAL_LISTENING_QUEUE","P1","automated_qc_clear;human_review_required","smoke.voice.ja-objective-announcer.v001","smoke-003","text_to_speech","text_to_speech","pass","outputs/audio-factory-20260729/generated/voices/ja-objective-announcer-v001.mp3","","","4.179592","","0.072346","0.84201","0","-0.000018","0.089258","","fe3966b14079f9c8c64d2a270b4cf23c23774a85143db978799de2618561e61c","true","NOT_RUNTIME_ADMITTED","","","","","","","","","","","",""
"229","NORMAL_LISTENING_QUEUE","P1","automated_qc_clear;human_review_required","taguriyose","legacy-sfx-090","ability","ability","pass","assets-src/elevenlabs/raw/ability/taguriyose-v1.mp3","","1.6","1.6","0","0.058417","0.3349","0","-0.000639","0.502969","","30e2b47f9bf8f160a5437e980a121579cac22192be7a495816bcf0c6d583c7eb","true","NOT_RUNTIME_ADMITTED","","","","","","","","","","","",""
"230","NORMAL_LISTENING_QUEUE","P1","automated_qc_clear;human_review_required","tokito","legacy-sfx-090","ability","ability","pass","assets-src/elevenlabs/raw/ability/tokito-v1.mp3","","1.6","1.6","0","0.036024","0.280182","0","-0.000018","0.042489","","600c6c7c073ffafa665cb0a19d3d2e8f7aeae8c5f187b2d3a1869e00a2dad39d","true","NOT_RUNTIME_ADMITTED","","","","","","","","","","","",""
"231","NORMAL_LISTENING_QUEUE","P1","automated_qc_clear;human_review_required","toubyou","legacy-sfx-090","ability","ability","pass","assets-src/elevenlabs/raw/ability/toubyou-v1.mp3","","1.6","1.6","0","0.070571","0.898102","0","0.000138","0.301422","","39bee8cdd87849607e66fe4063458c74f018afb9f7a5399912d00b0f670993f7","true","NOT_RUNTIME_ADMITTED","","","","","","","","","","","",""
"232","NORMAL_LISTENING_QUEUE","P1","automated_qc_clear;human_review_required","uneri","legacy-sfx-090","ability","ability","pass","assets-src/elevenlabs/raw/ability/uneri-v1.mp3","","1.6","1.6","0","0.040359","0.350555","0","-0.000006","0.170255","","5a5066ce72251903c6d18cfc432b59757037941fe5d8c8b0315cb59299f27a73","true","NOT_RUNTIME_ADMITTED","","","","","","","","","","","",""
"233","NORMAL_LISTENING_QUEUE","P1","automated_qc_clear;human_review_required","uruudoki","legacy-sfx-090","ability","ability","pass","assets-src/elevenlabs/raw/ability/uruudoki-v1.mp3","","2.8","2.76","-0.04","0.049195","0.987396","0","-0.00008","0.085782","","95817d823f2113c52d28e1101018f7f43b68fd0ce1e0585c968ee3a8fd392094","true","NOT_RUNTIME_ADMITTED","","","","","","","","","","","",""
"234","NORMAL_LISTENING_QUEUE","P1","automated_qc_clear;human_review_required","waon","legacy-sfx-090","ability","ability","pass","assets-src/elevenlabs/raw/ability/waon-v1.mp3","","1.6","1.6","0","0.130092","0.735565","0","-0.000258","0.041355","","68d9ecdecf9459ae675fa09946fdfc9d75a075f753c69e488d4912f9de2e6f61","true","NOT_RUNTIME_ADMITTED","","","","","","","","","","","",""
"235","NORMAL_LISTENING_QUEUE","P1","automated_qc_clear;human_review_required","watarinooohi","legacy-sfx-090","ability","ability","pass","assets-src/elevenlabs/raw/ability/watarinooohi-v1.mp3","","2.8","2.76","-0.04","0.06323","0.5047","0","0.000011","0.019776","","dd0a255f5fc33c0be4db45132eb8024c51bbe9cf95c464fa00d2e208c88aea77","true","NOT_RUNTIME_ADMITTED","","","","","","","","","","","",""
"236","NORMAL_LISTENING_QUEUE","P1","automated_qc_clear;human_review_required","yobibane","legacy-sfx-090","ability","ability","pass","assets-src/elevenlabs/raw/ability/yobibane-v1.mp3","","1.6","1.6","0","0.05827","0.99118","0","-0.000183","0.092603","","aed35dcc3333f05f2395ca22b3e5924690dc4f5ee3c21e7059874caf3152fcaf","true","NOT_RUNTIME_ADMITTED","","","","","","","","","","","",""
"237","NORMAL_LISTENING_QUEUE","P1","automated_qc_clear;human_review_required","yoiyami","legacy-sfx-090","ability","ability","pass","assets-src/elevenlabs/raw/ability/yoiyami-v1.mp3","","2.8","2.76","-0.04","0.09588","0.608856","0","0.000509","0.019472","","ec5603aabbd560230989b3a48df237f9bfc3d5074062865e2d79e1e44ea437c7","true","NOT_RUNTIME_ADMITTED","","","","","","","","","","","",""
"238","NORMAL_LISTENING_QUEUE","P2","automated_qc_clear;human_review_required","aaa.batch001.sfx.movement.slide-stop.v001","aaa-batch-001","movement","sound_effect","pass","outputs/audio-factory-20260730/aaa-batch-001/generated/sfx/movement/slide-stop-v001.mp3","outputs/audio-factory-20260730/aaa-batch-001/mastered/sfx/slide-stop-v001.mp3","0.65","0.64","-0.01","0.058071","0.448151","0","-0.000879","0.143854","","896d7e6013bd244b25da7fed3bf7bfb0fd444f611a736a2d39f9fe9a29f64019","true","NOT_RUNTIME_ADMITTED","","","","","","","","","","","",""
"239","NORMAL_LISTENING_QUEUE","P2","automated_qc_clear;human_review_required","aaa.batch001.sfx.movement.stone-step-heavy.v001","aaa-batch-001","movement","sound_effect","pass","outputs/audio-factory-20260730/aaa-batch-001/generated/sfx/movement/stone-step-heavy-v001.mp3","outputs/audio-factory-20260730/aaa-batch-001/mastered/sfx/stone-step-heavy-v001.mp3","0.5","0.48","-0.02","0.082658","0.55835","0","0.011707","0.050787","","eea1914e4b2b5a98a4ad8896090e12f22db513968486db0bc56e99a1f06369fb","true","NOT_RUNTIME_ADMITTED","","","","","","","","","","","",""
"240","NORMAL_LISTENING_QUEUE","P2","automated_qc_clear;human_review_required","aaa.batch001.sfx.movement.tile-step.v001","aaa-batch-001","movement","sound_effect","pass","outputs/audio-factory-20260730/aaa-batch-001/generated/sfx/movement/tile-step-v001.mp3","outputs/audio-factory-20260730/aaa-batch-001/mastered/sfx/tile-step-v001.mp3","0.5","0.48","-0.02","0.03489","0.881165","0","-0.000124","0.334955","","bcaebc4459ea8f201c9232d3897f75b7e4d585f69cde77fa95ec18435a7a4dc0","true","NOT_RUNTIME_ADMITTED","","","","","","","","","","","",""
"241","NORMAL_LISTENING_QUEUE","P2","automated_qc_clear;human_review_required","aaa.pilot002.sfx.ambient-rooftop-canvas.v001","aaa-pilot-002","ambient","sound_effect","pass","outputs/audio-factory-20260730/aaa-pilot-002/generated/sfx/ambient-rooftop-canvas-v001.mp3","outputs/audio-factory-20260730/aaa-pilot-002/mastered/sfx/ambient-rooftop-canvas-v001.mp3","12","12","0","0.073337","0.698883","0","-0.000041","0.417057","","863458324a95097553a9640462fb6e28f388631fcc3a76b8500a375c71fa840f","true","NOT_RUNTIME_ADMITTED","","","","","","","","","","","",""
"242","NORMAL_LISTENING_QUEUE","P2","automated_qc_clear;human_review_required","aaa.pilot002.sfx.foley-canal-drip.v001","aaa-pilot-002","foley","sound_effect","pass","outputs/audio-factory-20260730/aaa-pilot-002/generated/sfx/foley-canal-drip-v001.mp3","outputs/audio-factory-20260730/aaa-pilot-002/mastered/sfx/foley-canal-drip-v001.mp3","0.7","0.680249","-0.019751","0.030089","0.447327","0","-0.000034","0.29352","","90a7728c8cc40b261c68ad088b5cd5a390f45c4ee94bd72e34ab2937d4ec2584","true","NOT_RUNTIME_ADMITTED","","","","","","","","","","","",""
"243","NORMAL_LISTENING_QUEUE","P2","automated_qc_clear;human_review_required","aaa.pilot002.sfx.foley-rope-creak.v001","aaa-pilot-002","foley","sound_effect","pass","outputs/audio-factory-20260730/aaa-pilot-002/generated/sfx/foley-rope-creak-v001.mp3","outputs/audio-factory-20260730/aaa-pilot-002/mastered/sfx/foley-rope-creak-v001.mp3","0.7","0.680249","-0.019751","0.074379","0.908875","0","0.000087","0.118541","","083632f17f43568be2ff702ea6d3faf6ce51d56d12018d085ab2dfd199f5b6bd","true","NOT_RUNTIME_ADMITTED","","","","","","","","","","","",""
"244","NORMAL_LISTENING_QUEUE","P2","automated_qc_clear;human_review_required","aaa.pilot002.sfx.move-ceramic-footstep.v001","aaa-pilot-002","movement","sound_effect","pass","outputs/audio-factory-20260730/aaa-pilot-002/generated/sfx/move-ceramic-footstep-v001.mp3","outputs/audio-factory-20260730/aaa-pilot-002/mastered/sfx/move-ceramic-footstep-v001.mp3","0.5","0.48","-0.02","0.038555","0.989868","0","-0.000101","0.150659","","b81145c408ae57c334376b024565429874e2542d784ee9c8ea3ebfd91d34dd62","true","NOT_RUNTIME_ADMITTED","","","","","","","","","","","",""
"245","NORMAL_LISTENING_QUEUE","P2","automated_qc_clear;human_review_required","aaa.pilot002.sfx.move-cloth-sprint.v001","aaa-pilot-002","movement","sound_effect","pass","outputs/audio-factory-20260730/aaa-pilot-002/generated/sfx/move-cloth-sprint-v001.mp3","outputs/audio-factory-20260730/aaa-pilot-002/mastered/sfx/move-cloth-sprint-v001.mp3","0.7","0.680249","-0.019751","0.051978","0.358276","0","0.000025","0.230682","","73487de85628da67fb36ded94eb64b44c3790708543c0232cd4ee5e266b291e6","true","NOT_RUNTIME_ADMITTED","","","","","","","","","","","",""
"246","NORMAL_LISTENING_QUEUE","P2","automated_qc_clear;human_review_required","aaa.pilot002.sfx.move-stone-footstep.v001","aaa-pilot-002","movement","sound_effect","pass","outputs/audio-factory-20260730/aaa-pilot-002/generated/sfx/move-stone-footstep-v001.mp3","outputs/audio-factory-20260730/aaa-pilot-002/mastered/sfx/move-stone-footstep-v001.mp3","0.5","0.48","-0.02","0.028835","0.111603","0","-0.000428","0.011433","","a54b1629d11d5d5041b66b50f4f9f6432f703eac860af99a38490a0e22f1037d","true","NOT_RUNTIME_ADMITTED","","","","","","","","","","","",""
"247","NORMAL_LISTENING_QUEUE","P2","automated_qc_clear;human_review_required","aaa.pilot002.sfx.move-stone-jump.v001","aaa-pilot-002","movement","sound_effect","pass","outputs/audio-factory-20260730/aaa-pilot-002/generated/sfx/move-stone-jump-v001.mp3","outputs/audio-factory-20260730/aaa-pilot-002/mastered/sfx/move-stone-jump-v001.mp3","0.5","0.48","-0.02","0.089028","0.722443","0","0.005643","0.182737","","ddf8215cab5579b7b24a4943d8de9a798f89708184a5312190f7fd19be69ae36","true","NOT_RUNTIME_ADMITTED","","","","","","","","","","","",""
"248","NORMAL_LISTENING_QUEUE","P2","automated_qc_clear;human_review_required","aaa.pilot002.sfx.move-wet-stone-footstep.v001","aaa-pilot-002","movement","sound_effect","pass","outputs/audio-factory-20260730/aaa-pilot-002/generated/sfx/move-wet-stone-footstep-v001.mp3","outputs/audio-factory-20260730/aaa-pilot-002/mastered/sfx/move-wet-stone-footstep-v001.mp3","0.5","0.48","-0.02","0.094747","0.977692","0","-0.00041","0.250815","","f78d6ab2fabcea439d4d59c246cc425e04617981d1af5500c8a4a512d4bc53fd","true","NOT_RUNTIME_ADMITTED","","","","","","","","","","","",""
"249","NORMAL_LISTENING_QUEUE","P2","automated_qc_clear;human_review_required","aaa.pilot002.sfx.move-wood-footstep.v001","aaa-pilot-002","movement","sound_effect","pass","outputs/audio-factory-20260730/aaa-pilot-002/generated/sfx/move-wood-footstep-v001.mp3","outputs/audio-factory-20260730/aaa-pilot-002/mastered/sfx/move-wood-footstep-v001.mp3","0.5","0.48","-0.02","0.10708","0.982574","0","-0.000536","0.418293","","35cb5052b7a7bf5c67e5f397b831bef281fe552f965afa7423e880c05ba11a56","true","NOT_RUNTIME_ADMITTED","","","","","","","","","","","",""
"250","NORMAL_LISTENING_QUEUE","P2","automated_qc_clear;human_review_required","smoke.sfx.original-energy-rifle.v001","smoke-003","sound_effect","sound_effect","pass","outputs/audio-factory-20260729/generated/sfx/original-energy-rifle-v001.mp3","","1.1","1.08","-0.02","0.038475","0.989655","0","-0.000095","0.398115","","a1f91cfec05a4851b551ca67d5c6cd52e1eeaf16c4b85beeba9ddd10bd79235e","true","NOT_RUNTIME_ADMITTED","","","","","","","","","","","",""
